student_id,cgpa,coding_score,aptitude_score,projects,internships,year_of_joining,backlogs,package_lpa
STUDENT_0 BioTech,7.42,111,60 %,5,Third & Above,2023,0,22.543788264038575
STUDENT_1 CSE Core,9.61,417,41 %,5,First Internship,2023,0,32.67944702929427
STUDENT_2 Mechanical,8.78,691,97 %,4,None,2023,2,26.273246752118727
STUDENT_3 Mechanical,8.27,315,43 %,4,First Internship,2023,0,29.06688431149226
STUDENT_4 CSE AI-ML,6.59,438,78 %,5,None,2022,0,28.3065263709724
STUDENT_5 Electric,6.59,760,55 %,4,None,2023,0,28.614630322717552
STUDENT_6 ECE,6.22,180,76 %,5,First Internship,2021,0,18.299108779526577
STUDENT_7 CSE AI-ML,9.29,584,51 %,1,Second Internship,2021,0,29.57536196589939
STUDENT_8 CSE Core,8.28,473,45 %,5,Second Internship,2022,0,30.625935341332724
STUDENT_9 ECE,8.69,299,100 %,2,None,2021,0,21.83827981982739
STUDENT_10 ECE,6.08,636,85 %,4,None,2022,1,22.977818311125564
STUDENT_11 CSE Core,9.69,565,66 %,5,Second Internship,2022,1,27.455468518074543
STUDENT_12 Electric,9.16,188,83 %,5,None,2021,0,28.937260240219484
STUDENT_13 CSE Core,6.81,367,67 %,4,None,2023,0,20.6574599178518
STUDENT_14 ECE,6.69,754,86 %,1,Second Internship,2021,1,17.80356318242673
STUDENT_15 CSE AI-ML,6.7,670,100 %,1,None,2021,0,23.019858258401054
STUDENT_16 CSE Core,7.16,588,86 %,4,None,2022,1,25.345773485985788
STUDENT_17 ECE,7.99,637,79 %,0,Third & Above,2021,0,23.000873718867624
STUDENT_18 BioTech,7.64,146,90 %,4,Second Internship,2022,0,22.16766272662406
STUDENT_19 ECE,7.11,387,88 %,4,First Internship,2023,0,19.86026740996602
STUDENT_20 BioTech,8.33,115,58 %,1,First Internship,2023,0,18.89195780069728
STUDENT_21 ECE,6.53,500,95 %,1,Second Internship,2023,0,20.626970153649058
STUDENT_22 Electric,7.11,185,88 %,4,None,2021,0,21.436469788128704
STUDENT_23 BioTech,7.39,349,69 %,4,Second Internship,2022,0,24.224844117811163
STUDENT_24 ECE,7.73,490,46 %,4,First Internship,2023,0,25.98876506416416
STUDENT_25 CSE AI-ML,8.98,434,76 %,1,Third & Above,2022,0,23.15658756435713
STUDENT_26 Mechanical,6.76,728,69 %,4,None,2022,2,20.951754779919625
STUDENT_27 CSE Core,7.95,618,97 %,4,Third & Above,2023,0,27.534610835695077
STUDENT_28 ECE,8.25,236,51 %,3,First Internship,2023,1,23.246579107263884
STUDENT_29 CSE AI-ML,6.18,787,44 %,0,None,2022,0,15.817162303232536
STUDENT_30 ECE,8.31,597,49 %,2,Third & Above,2023,0,24.498314828057843
STUDENT_31 ECE,6.65,576,94 %,0,None,2022,2,11.319487552965551
STUDENT_32 CSE Core,6.25,693,50 %,3,Second Internship,2022,0,24.36822120006882
STUDENT_33 Electric,9.61,322,69 %,2,None,2023,0,25.59428957176625
STUDENT_34 Mechanical,9.67,471,59 %,4,Second Internship,2021,0,33.29438620309886
STUDENT_35 Electric,9.07,501,45 %,3,None,2023,0,31.55228409659559
STUDENT_36 CSE Core,7.16,542,69 %,4,Third & Above,2021,0,24.19383308885904
STUDENT_37 Electric,6.37,589,86 %,1,Second Internship,2022,1,17.131000130067257
STUDENT_38 ECE,8.6,714,84 %,5,None,2022,0,32.23260883384871
STUDENT_39 BioTech,7.67,372,59 %,3,None,2021,0,21.964372503325325
STUDENT_40 Mechanical,6.46,625,48 %,1,None,2022,0,21.926764072075247
STUDENT_41 CSE AI-ML,7.88,258,42 %,3,Third & Above,2021,0,22.36098526247011
STUDENT_42 Mechanical,6.13,251,46 %,3,Second Internship,2021,0,17.134730298798043
STUDENT_43 CSE Core,9.46,719,50 %,1,Second Internship,2022,0,27.050863391466915
STUDENT_44 CSE AI-ML,6.98,287,52 %,2,Third & Above,2021,0,17.834650854518703
STUDENT_45 BioTech,8.52,197,68 %,0,First Internship,2023,0,21.08329365883851
STUDENT_46 BioTech,7.18,230,41 %,4,First Internship,2023,0,26.46311851022734
STUDENT_47 ECE,7.98,270,88 %,3,None,2022,0,23.64963874778908
STUDENT_48 ECE,8.08,282,63 %,4,Third & Above,2022,0,25.202553536106553
STUDENT_49 Electric,6.7,463,86 %,5,Second Internship,2021,0,25.83486953374837
STUDENT_50 Mechanical,9.68,138,90 %,1,Third & Above,2021,1,21.60446805787663
STUDENT_51 ECE,8.95,626,69 %,4,First Internship,2021,0,32.481398007194365
STUDENT_52 CSE AI-ML,9.57,596,50 %,1,None,2021,0,26.36869286290354
STUDENT_53 BioTech,9.4,615,68 %,4,None,2023,0,31.455179854758185
STUDENT_54 ECE,8.27,448,95 %,0,Third & Above,2023,0,22.325292814354157
STUDENT_55 Electric,9.5,496,72 %,0,First Internship,2022,0,21.68462508689853
STUDENT_56 CSE Core,6.34,260,88 %,0,None,2021,0,17.705216474840913
STUDENT_57 BioTech,6.74,115,97 %,0,Second Internship,2021,0,18.099663782454456
STUDENT_58 ECE,6.17,592,50 %,0,None,2022,0,20.590064209678914
STUDENT_59 ECE,7.24,525,87 %,0,None,2021,0,17.238812176770892
STUDENT_60 Electric,7.48,207,65 %,1,None,2021,0,14.589999089162253
STUDENT_61 ECE,7.03,549,57 %,3,First Internship,2021,0,25.467437347035865
STUDENT_62 ECE,9.15,410,90 %,4,First Internship,2021,0,26.879621102075827
STUDENT_63 CSE Core,7.36,269,77 %,0,None,2021,2,11.984266708245972
STUDENT_64 BioTech,7.07,645,83 %,1,First Internship,2022,1,22.160297440015096
STUDENT_65 Electric,8.06,513,89 %,1,First Internship,2021,1,18.43608964720318
STUDENT_66 Mechanical,6.54,350,57 %,1,None,2022,1,14.324890687182078
STUDENT_67 ECE,9.05,240,87 %,3,None,2021,1,22.553445945176634
STUDENT_68 Mechanical,6.28,373,40 %,4,None,2023,0,19.694980720035538
STUDENT_69 ECE,9.75,515,65 %,3,First Internship,2023,0,27.634287607988245
STUDENT_70 CSE AI-ML,8.93,707,76 %,2,None,2023,0,27.979715007502538
STUDENT_71 ECE,6.76,138,50 %,1,None,2023,0,15.799090262364496
STUDENT_72 ECE,6.02,128,49 %,2,First Internship,2022,0,17.53681550759845
STUDENT_73 Electric,9.1,576,71 %,5,Third & Above,2022,0,36.991959228878535
STUDENT_74 CSE Core,8.69,417,88 %,0,Second Internship,2021,0,21.748276678836245
STUDENT_75 BioTech,8.77,344,61 %,0,Second Internship,2023,0,19.296576107923983
STUDENT_76 CSE Core,8.93,796,52 %,3,Second Internship,2022,1,30.15648070951513
STUDENT_77 CSE Core,6.28,371,50 %,4,None,2021,0,19.092363049359555
STUDENT_78 CSE Core,7.36,539,66 %,2,First Internship,2021,0,20.332183657941783
STUDENT_79 BioTech,6.44,338,74 %,4,None,2022,0,21.069793122704553
STUDENT_80 CSE Core,9.28,476,59 %,3,First Internship,2023,0,27.25422655896075
STUDENT_81 CSE AI-ML,8.37,365,77 %,0,First Internship,2021,1,16.15185452696558
STUDENT_82 ECE,7.26,458,48 %,4,Second Internship,2023,0,25.036975351153956
STUDENT_83 Mechanical,6.24,439,69 %,4,None,2023,0,23.419483805492693
STUDENT_84 Electric,7.18,488,59 %,0,Third & Above,2023,0,21.377919070550274
STUDENT_85 Electric,7.24,676,84 %,2,Second Internship,2021,0,24.422376547687566
STUDENT_86 Electric,8.77,788,50 %,0,Second Internship,2023,0,24.296107504609797
STUDENT_87 CSE AI-ML,8.42,102,44 %,4,Second Internship,2021,0,25.889290772878823
STUDENT_88 Mechanical,9.37,528,47 %,2,Third & Above,2023,0,25.38456904853974
STUDENT_89 BioTech,7.79,241,57 %,2,Second Internship,2021,0,17.724794508625354
STUDENT_90 Electric,6.45,475,51 %,0,First Internship,2023,0,20.061912035809083
STUDENT_91 CSE Core,8.71,769,75 %,4,None,2022,1,30.393706489621945
STUDENT_92 CSE Core,8.89,423,76 %,3,First Internship,2023,0,24.92540321559179
STUDENT_93 Mechanical,8.13,245,80 %,4,First Internship,2023,1,20.91180229235815
STUDENT_94 CSE Core,8.93,392,41 %,1,None,2021,0,21.44614490934014
STUDENT_95 CSE AI-ML,7.88,764,63 %,5,First Internship,2021,0,31.553248435130268
STUDENT_96 CSE AI-ML,7.99,531,76 %,3,First Internship,2023,0,29.254098582736162
STUDENT_97 CSE AI-ML,7.62,684,81 %,2,None,2022,0,26.485763597190243
STUDENT_98 CSE Core,6.1,498,92 %,3,None,2022,0,23.751449285166064
STUDENT_99 CSE AI-ML,6.41,443,64 %,2,Second Internship,2021,0,21.889456663382024
STUDENT_100 CSE Core,6.12,239,46 %,2,Third & Above,2022,0,17.629761702881815
STUDENT_101 CSE AI-ML,8.42,286,51 %,3,Second Internship,2023,1,23.36668087582263
STUDENT_102 ECE,7.19,160,73 %,2,Second Internship,2021,0,20.4700611258256
STUDENT_103 Mechanical,7.93,479,87 %,2,Third & Above,2023,0,26.52889143030627
STUDENT_104 CSE AI-ML,9.45,539,59 %,1,First Internship,2021,0,24.870902117676486
STUDENT_105 Mechanical,6.95,418,53 %,4,First Internship,2021,0,20.603776720909224
STUDENT_106 CSE Core,7.56,401,76 %,4,Third & Above,2021,0,27.220502029746154
STUDENT_107 Mechanical,8.87,443,96 %,5,Second Internship,2021,0,30.369539041212114
STUDENT_108 Mechanical,6.87,110,47 %,5,Third & Above,2022,0,21.747907799357527
STUDENT_109 Electric,6.29,161,84 %,1,Third & Above,2023,0,15.209694375385016
STUDENT_110 CSE AI-ML,7.1,325,48 %,5,Third & Above,2023,0,30.05937265180423
STUDENT_111 Electric,6.61,252,63 %,3,First Internship,2023,0,18.95561069493146
STUDENT_112 ECE,9.53,663,43 %,0,Second Internship,2021,1,20.98339338634733
STUDENT_113 ECE,9.07,670,40 %,0,Second Internship,2022,1,22.010568466986705
STUDENT_114 CSE Core,8.41,683,95 %,0,None,2023,0,26.01098175594592
STUDENT_115 Mechanical,9.31,759,98 %,1,First Internship,2022,0,32.26680397305846
STUDENT_116 CSE Core,9.05,674,89 %,1,None,2021,0,27.654729926779147
STUDENT_117 CSE Core,6.71,409,85 %,2,Second Internship,2023,0,17.969182512041137
STUDENT_118 BioTech,9.39,342,59 %,0,Second Internship,2022,0,26.1417285414356
STUDENT_119 Mechanical,8.05,592,44 %,3,Third & Above,2021,0,26.48106260184581
STUDENT_120 CSE AI-ML,9.07,465,57 %,5,None,2022,0,28.61458113621006
STUDENT_121 CSE AI-ML,9.41,429,70 %,3,Third & Above,2023,0,25.45121508580129
STUDENT_122 BioTech,7.21,206,45 %,5,Third & Above,2023,0,25.652657438670914
STUDENT_123 CSE Core,6.42,325,77 %,0,None,2021,1,13.567658772372827
STUDENT_124 Electric,6.87,317,86 %,0,None,2021,0,17.6001507538917
STUDENT_125 BioTech,7.62,605,89 %,0,Third & Above,2021,0,23.86300623814386
STUDENT_126 CSE Core,9.11,358,99 %,1,Second Internship,2022,1,18.695690816980708
STUDENT_127 CSE AI-ML,9.27,616,62 %,5,None,2022,2,28.9323092565473
STUDENT_128 CSE Core,6.03,153,100 %,1,Second Internship,2022,0,14.05168535441262
STUDENT_129 BioTech,7.94,146,71 %,1,None,2021,0,23.168014747824714
STUDENT_130 CSE Core,7.59,788,74 %,4,First Internship,2023,0,30.257478031986278
STUDENT_131 BioTech,6.84,620,76 %,3,None,2023,1,19.539522940447245
STUDENT_132 Electric,6.46,198,70 %,3,Third & Above,2022,1,12.34916383335904
STUDENT_133 Mechanical,7.28,119,96 %,2,Second Internship,2022,0,20.367849444558022
STUDENT_134 ECE,9.58,672,45 %,1,Third & Above,2023,0,26.63163944801963
STUDENT_135 Mechanical,7.23,589,49 %,5,Third & Above,2023,0,27.53886861095633
STUDENT_136 BioTech,7.97,518,78 %,4,None,2022,0,28.652392018348213
STUDENT_137 BioTech,8.67,789,50 %,4,Second Internship,2022,0,33.250827652501314
STUDENT_138 CSE Core,7.38,161,85 %,3,First Internship,2023,1,20.317420681338582
STUDENT_139 BioTech,9.69,244,80 %,1,Second Internship,2021,0,20.97031738323413
STUDENT_140 BioTech,9.66,315,55 %,2,None,2022,1,25.321789499249178
STUDENT_141 Mechanical,6.96,102,46 %,1,First Internship,2023,1,12.2819093276637
STUDENT_142 Electric,7.89,259,46 %,0,Third & Above,2023,0,13.857500130503544
STUDENT_143 CSE AI-ML,7.14,219,44 %,1,First Internship,2023,0,15.613119306279907
STUDENT_144 ECE,7.08,188,69 %,0,None,2023,0,16.47605018426513
STUDENT_145 Mechanical,6.14,428,71 %,0,None,2021,0,14.60237150783772
STUDENT_146 Mechanical,8.32,679,70 %,2,None,2023,0,26.253911061647912
STUDENT_147 CSE AI-ML,7.91,456,100 %,5,Second Internship,2022,0,28.556504975058356
STUDENT_148 Mechanical,6.2,709,78 %,3,First Internship,2021,0,23.62722919378143
STUDENT_149 Electric,7.06,366,88 %,1,Third & Above,2023,0,18.29129132428657
STUDENT_150 CSE Core,9.45,716,46 %,0,None,2021,0,23.558607874023547
STUDENT_151 Electric,6.91,422,59 %,1,Second Internship,2022,0,19.583887616430662
STUDENT_152 CSE AI-ML,6.55,734,82 %,5,First Internship,2023,0,23.810085224830527
STUDENT_153 CSE AI-ML,7.86,640,95 %,3,None,2022,0,25.24800391656116
STUDENT_154 Mechanical,9.75,748,58 %,5,None,2023,0,32.624431781878485
STUDENT_155 Mechanical,6.92,294,64 %,3,Second Internship,2023,0,20.80124629698217
STUDENT_156 CSE AI-ML,8.55,431,61 %,4,Second Internship,2023,0,26.98334040138146
STUDENT_157 Mechanical,8.89,269,90 %,3,First Internship,2023,0,26.889913348867495
STUDENT_158 BioTech,6.9,620,52 %,2,None,2023,0,26.1669545544992
STUDENT_159 CSE AI-ML,8.77,562,45 %,5,Third & Above,2021,0,28.424442319526058
STUDENT_160 Electric,7.4,139,61 %,0,None,2023,1,17.17566525054006
STUDENT_161 CSE Core,8.4,636,49 %,4,First Internship,2023,0,27.601408800957138
STUDENT_162 ECE,8.41,360,55 %,2,Second Internship,2021,0,23.76505356584618
STUDENT_163 CSE AI-ML,8.04,494,100 %,1,Second Internship,2021,0,23.541725978296636
STUDENT_164 ECE,6.34,325,48 %,5,Second Internship,2021,0,28.31916550516501
STUDENT_165 BioTech,9.17,223,96 %,0,None,2021,0,19.485435324474672
STUDENT_166 Electric,7.22,137,47 %,3,None,2021,0,16.71652397404389
STUDENT_167 BioTech,6.71,427,60 %,0,First Internship,2021,0,20.67075894038596
STUDENT_168 Electric,6.15,350,100 %,1,First Internship,2023,0,15.633252882409131
STUDENT_169 ECE,8.25,275,58 %,4,Third & Above,2023,0,24.526822838848815
STUDENT_170 CSE AI-ML,8.57,701,42 %,4,First Internship,2022,0,27.914500692147648
STUDENT_171 BioTech,6.06,553,43 %,5,Third & Above,2023,0,24.43259245390216
STUDENT_172 Electric,7.95,136,64 %,4,Second Internship,2023,2,15.579216927589119
STUDENT_173 Mechanical,6.86,415,63 %,5,Second Internship,2021,0,26.722883632989543
STUDENT_174 CSE AI-ML,8.45,787,56 %,5,Third & Above,2021,0,32.431583259443954
STUDENT_175 ECE,6.66,692,40 %,5,Third & Above,2023,0,26.377889678770643
STUDENT_176 BioTech,8.63,213,64 %,3,Third & Above,2022,0,25.881743953317855
STUDENT_177 BioTech,7.47,139,85 %,2,Second Internship,2021,0,19.839993501349195
STUDENT_178 CSE AI-ML,9.56,400,61 %,5,Second Internship,2023,0,26.927903499111892
STUDENT_179 CSE AI-ML,6.52,323,86 %,5,Second Internship,2023,0,25.609406628168603
STUDENT_180 Mechanical,7.3,417,59 %,2,None,2022,0,22.139735767705268
STUDENT_181 CSE Core,6.43,448,48 %,0,Third & Above,2022,0,20.121464975183084
STUDENT_182 Mechanical,9.51,214,97 %,5,None,2021,0,28.90783485268529
STUDENT_183 BioTech,9.33,797,99 %,3,Third & Above,2022,1,26.546581298864808
STUDENT_184 CSE Core,6.98,422,70 %,4,None,2023,0,23.771409333396324
STUDENT_185 Mechanical,8.51,667,75 %,4,None,2023,0,31.29783866176144
STUDENT_186 CSE AI-ML,9.11,139,73 %,1,Third & Above,2022,0,19.568525880598273
STUDENT_187 CSE Core,8.11,139,96 %,1,First Internship,2022,0,18.229406425784884
STUDENT_188 CSE AI-ML,8.01,388,42 %,4,First Internship,2022,0,25.456622840001863
STUDENT_189 Electric,6.92,361,71 %,4,Second Internship,2022,0,21.151256779568254
STUDENT_190 ECE,6.35,315,84 %,3,First Internship,2021,0,18.837353150742853
STUDENT_191 BioTech,9.41,246,70 %,2,First Internship,2022,0,24.62510038360838
STUDENT_192 Electric,9.42,435,63 %,1,None,2021,0,27.094955495306014
STUDENT_193 BioTech,8.41,267,82 %,2,First Internship,2023,0,23.124293969420954
STUDENT_194 CSE Core,7.29,191,93 %,3,Second Internship,2022,1,17.898277481261957
STUDENT_195 ECE,7.33,452,49 %,4,Second Internship,2021,0,23.51745845209538
STUDENT_196 Electric,8.76,670,96 %,5,None,2022,0,33.910320823440465
STUDENT_197 ECE,9.41,670,59 %,2,Second Internship,2023,0,29.387010999893686
STUDENT_198 ECE,9.37,780,74 %,4,First Internship,2023,0,31.12654047296152
STUDENT_199 Electric,8.96,462,96 %,4,None,2023,0,30.337296917369805
STUDENT_200 Electric,8.44,656,88 %,0,Second Internship,2022,0,24.55915412302093
STUDENT_201 CSE AI-ML,6.32,444,46 %,2,Third & Above,2022,0,18.45293930126753
STUDENT_202 CSE Core,6.61,792,48 %,5,First Internship,2021,0,28.4372434874716
STUDENT_203 CSE Core,9.41,269,57 %,2,Third & Above,2023,0,23.52445454351413
STUDENT_204 Mechanical,8.3,455,92 %,4,None,2022,0,32.41707588006321
STUDENT_205 CSE Core,6.03,290,73 %,5,Third & Above,2023,0,23.52348976625132
STUDENT_206 CSE AI-ML,6.39,766,83 %,3,None,2023,0,25.313524109696477
STUDENT_207 CSE AI-ML,8.52,521,59 %,0,None,2021,0,23.195326112153428
STUDENT_208 BioTech,6.02,799,43 %,4,Third & Above,2021,0,28.788325176395
STUDENT_209 Mechanical,6.61,106,58 %,1,First Internship,2021,1,12.61323971112307
STUDENT_210 Mechanical,8.09,232,70 %,1,None,2021,1,15.820181404268487
STUDENT_211 CSE AI-ML,8.63,656,54 %,0,Second Internship,2023,1,22.508566456194835
STUDENT_212 CSE Core,8.48,130,70 %,3,First Internship,2021,0,22.41011086799738
STUDENT_213 CSE AI-ML,6.85,634,71 %,4,Second Internship,2021,0,23.90020934183899
STUDENT_214 BioTech,8.71,525,85 %,2,None,2021,0,23.140627136487886
STUDENT_215 Mechanical,6.9,493,45 %,0,Second Internship,2021,0,21.788593101679066
STUDENT_216 CSE AI-ML,7.24,771,41 %,3,Second Internship,2023,0,26.95328913383857
STUDENT_217 Mechanical,8.84,462,86 %,2,None,2021,1,21.1208652320152
STUDENT_218 Mechanical,8.47,536,45 %,1,None,2023,1,20.331330177915873
STUDENT_219 Electric,9.23,769,49 %,1,None,2022,0,29.264889436016706
STUDENT_220 CSE Core,8.5,650,82 %,2,Third & Above,2023,0,25.91318896831591
STUDENT_221 BioTech,8.16,181,100 %,0,Second Internship,2023,0,15.231160541645163
STUDENT_222 BioTech,6.36,455,79 %,1,None,2021,1,16.42168170429585
STUDENT_223 BioTech,7.4,357,97 %,4,First Internship,2022,1,23.786695635147126
STUDENT_224 Electric,7.01,688,83 %,5,None,2022,0,30.6829286359445
STUDENT_225 BioTech,6.93,623,79 %,2,First Internship,2022,0,21.97134012372551
STUDENT_226 CSE AI-ML,9.7,394,58 %,2,Third & Above,2022,1,25.878345312916757
STUDENT_227 ECE,7.49,323,89 %,1,None,2023,0,20.135899947343248
STUDENT_228 BioTech,9.39,624,85 %,0,Third & Above,2022,0,27.502294687757455
STUDENT_229 CSE AI-ML,8.4,145,62 %,4,Second Internship,2023,2,19.397374060005106
STUDENT_230 Mechanical,9.02,766,88 %,0,None,2023,0,22.65680631473466
STUDENT_231 BioTech,7.91,212,53 %,3,First Internship,2023,0,25.933477875016695
STUDENT_232 CSE AI-ML,8.19,332,78 %,3,None,2022,0,24.303567702397906
STUDENT_233 ECE,7.87,116,55 %,5,Second Internship,2021,0,25.553587647827634
STUDENT_234 CSE AI-ML,6.74,459,89 %,1,None,2021,1,13.881910743056313
STUDENT_235 CSE AI-ML,8.75,322,82 %,1,First Internship,2022,0,23.230653000156128
STUDENT_236 BioTech,7.07,799,58 %,1,First Internship,2021,2,19.835855465485324
STUDENT_237 Mechanical,6.09,547,98 %,5,None,2021,0,29.02064067319681
STUDENT_238 Mechanical,8.45,464,61 %,3,None,2023,0,28.840799589590564
STUDENT_239 CSE Core,6.67,774,44 %,0,None,2023,0,22.188449407892076
STUDENT_240 ECE,9.57,425,40 %,5,None,2022,0,27.80124529330323
STUDENT_241 Mechanical,9.62,566,44 %,5,Third & Above,2022,0,32.66454558099484
STUDENT_242 BioTech,9.48,513,61 %,0,None,2021,0,22.90498086957414
STUDENT_243 BioTech,7.41,554,89 %,1,First Internship,2023,0,22.329955749632493
STUDENT_244 Mechanical,6.06,685,82 %,4,Second Internship,2022,0,22.5373483344098
STUDENT_245 CSE Core,9.53,332,94 %,0,First Internship,2022,0,21.959666184416196
STUDENT_246 Mechanical,7.63,323,100 %,3,Third & Above,2022,0,21.95563383238786
STUDENT_247 BioTech,9.67,511,87 %,2,None,2022,0,26.353667288061505
STUDENT_248 Mechanical,9.66,671,92 %,2,First Internship,2022,0,27.953527628017692
STUDENT_249 Mechanical,9.24,434,83 %,5,Second Internship,2022,0,30.04829056722351
STUDENT_250 Electric,7.12,321,50 %,2,Third & Above,2021,0,21.022389518096045
STUDENT_251 Electric,7.46,136,42 %,4,First Internship,2023,0,17.2830128242571
STUDENT_252 CSE Core,9.23,377,58 %,1,Second Internship,2023,0,18.977134287324272
STUDENT_253 Mechanical,7.2,295,100 %,3,None,2022,1,18.172617320156252
STUDENT_254 Mechanical,6.64,583,70 %,4,Second Internship,2023,0,24.71446191058877
STUDENT_255 BioTech,8.12,341,87 %,3,None,2023,0,24.52822243320788
STUDENT_256 CSE AI-ML,9.56,423,69 %,3,Second Internship,2023,0,26.394655290287552
STUDENT_257 CSE AI-ML,8.64,291,97 %,1,None,2022,0,21.708930388045363
STUDENT_258 CSE AI-ML,8.17,116,53 %,5,Third & Above,2022,0,25.25304641003611
STUDENT_259 ECE,6.37,623,92 %,2,None,2023,0,20.500883806269055
STUDENT_260 BioTech,8.34,500,60 %,1,First Internship,2023,0,25.2069116434822
STUDENT_261 Mechanical,9.76,121,48 %,4,None,2022,1,24.08397262291012
STUDENT_262 Mechanical,6.53,573,71 %,5,First Internship,2021,0,27.38392219092658
STUDENT_263 CSE AI-ML,7.97,219,90 %,4,None,2023,0,24.267691462567704
STUDENT_264 Electric,9.33,309,60 %,5,First Internship,2021,0,33.45734620612344
STUDENT_265 CSE Core,8.81,405,71 %,4,Third & Above,2023,0,28.86279413823531
STUDENT_266 Mechanical,8.65,369,90 %,1,Third & Above,2021,0,21.51401336758555
STUDENT_267 CSE AI-ML,8.67,786,91 %,5,Second Internship,2021,0,34.3419337687368
STUDENT_268 BioTech,7.37,384,67 %,5,Third & Above,2021,0,22.804790165086654
STUDENT_269 Electric,7.12,775,90 %,3,Second Internship,2022,1,23.72920052533421
STUDENT_270 ECE,9.08,326,90 %,3,None,2021,0,26.55832058018398
STUDENT_271 CSE Core,9.08,480,85 %,0,Second Internship,2021,1,20.222041524157397
STUDENT_272 CSE AI-ML,9.29,559,54 %,4,Second Internship,2021,0,29.502442258322223
STUDENT_273 Mechanical,9.47,106,81 %,3,Third & Above,2023,0,22.47545328632597
STUDENT_274 CSE Core,7.94,128,78 %,0,Second Internship,2021,0,15.581305975898076
STUDENT_275 ECE,7.91,132,86 %,3,First Internship,2023,1,18.844149832494768
STUDENT_276 CSE AI-ML,9.03,745,59 %,4,Third & Above,2021,0,29.28296153514401
STUDENT_277 ECE,8.47,178,55 %,5,Second Internship,2021,0,29.760335231294547
STUDENT_278 CSE AI-ML,8.67,558,90 %,2,First Internship,2022,0,20.63820464131259
STUDENT_279 Mechanical,9.02,669,51 %,4,Second Internship,2023,0,30.083124264910793
STUDENT_280 BioTech,9.38,637,56 %,1,Third & Above,2021,0,26.8507792782154
STUDENT_281 CSE AI-ML,7.28,581,81 %,3,Second Internship,2023,0,25.88484185566658
STUDENT_282 ECE,7.43,529,84 %,3,First Internship,2023,0,22.818150545475145
STUDENT_283 CSE Core,6.36,384,80 %,5,First Internship,2022,0,26.328589587776428
STUDENT_284 CSE AI-ML,8.2,615,90 %,1,None,2022,0,21.26233791237415
STUDENT_285 ECE,6.14,198,50 %,5,Third & Above,2022,0,20.62774282278486
STUDENT_286 CSE AI-ML,7.77,496,54 %,1,First Internship,2022,0,23.241495110558848
STUDENT_287 ECE,8.06,588,50 %,2,None,2022,1,24.080377129585504
STUDENT_288 BioTech,7.09,138,70 %,3,Second Internship,2022,0,17.251997407237802
STUDENT_289 ECE,8.25,370,85 %,3,Second Internship,2022,0,29.990073580830316
STUDENT_290 Mechanical,6.12,256,68 %,2,First Internship,2022,0,16.005016873665582
STUDENT_291 Mechanical,6.14,174,60 %,0,Second Internship,2021,0,11.395635044944434
STUDENT_292 BioTech,9.13,229,79 %,5,First Internship,2023,0,29.055429783546515
STUDENT_293 Electric,7.37,786,45 %,2,Third & Above,2022,1,21.903413092837088
STUDENT_294 CSE Core,6.48,183,57 %,5,Second Internship,2022,0,21.29789537492051
STUDENT_295 Electric,7.98,121,75 %,4,First Internship,2023,0,24.36128811513944
STUDENT_296 CSE Core,8.93,558,67 %,3,Third & Above,2021,0,24.88540861914438
STUDENT_297 BioTech,6.82,638,90 %,5,Second Internship,2023,0,24.115731200050597
STUDENT_298 CSE Core,8.37,481,94 %,1,Second Internship,2023,0,21.85515326971354
STUDENT_299 BioTech,6.32,539,66 %,5,Third & Above,2022,1,24.685803478906653
STUDENT_300 CSE AI-ML,6.2,703,63 %,4,Third & Above,2023,0,24.321889413174432
STUDENT_301 Electric,8.02,120,58 %,3,None,2023,0,24.938313369057227
STUDENT_302 CSE AI-ML,8.05,402,64 %,2,None,2022,0,25.522029522343782
STUDENT_303 CSE Core,8.42,183,41 %,4,None,2022,0,25.235892369014973
STUDENT_304 Mechanical,8.76,758,99 %,3,None,2022,0,30.279447718749516
STUDENT_305 Mechanical,9.71,552,51 %,5,Third & Above,2022,0,33.00400525003371
STUDENT_306 Electric,7.96,486,47 %,0,None,2023,0,21.0994354573642
STUDENT_307 CSE Core,7.23,606,41 %,0,None,2023,0,19.787516605043642
STUDENT_308 CSE AI-ML,9.02,356,54 %,1,Second Internship,2021,0,22.599624333585673
STUDENT_309 Electric,7.03,669,93 %,3,Third & Above,2021,1,20.110079686814835
STUDENT_310 Mechanical,7.67,626,64 %,0,Third & Above,2023,0,17.179914421419642
STUDENT_311 CSE Core,6.3,261,40 %,2,None,2021,0,20.418141218564102
STUDENT_312 BioTech,6.1,262,46 %,3,First Internship,2023,0,19.634516873570597
STUDENT_313 CSE AI-ML,9.66,623,84 %,2,Third & Above,2021,0,28.562422711243574
STUDENT_314 CSE AI-ML,9.18,370,62 %,2,None,2022,0,25.856898245715758
STUDENT_315 Mechanical,8.64,591,80 %,0,Second Internship,2021,0,21.533205090412704
STUDENT_316 ECE,7.55,307,47 %,3,First Internship,2022,0,20.667875573231132
STUDENT_317 Electric,6.66,638,44 %,5,First Internship,2022,0,26.632630612643695
STUDENT_318 CSE Core,6.59,683,65 %,4,None,2022,0,28.746196963527623
STUDENT_319 BioTech,6.95,159,87 %,0,Second Internship,2022,0,13.152517943013748
STUDENT_320 Mechanical,8.09,529,91 %,0,None,2021,1,13.215869286383667
STUDENT_321 BioTech,8.72,756,87 %,5,First Internship,2023,0,31.457197816362495
STUDENT_322 CSE AI-ML,8.51,704,72 %,3,None,2022,0,30.845399832470363
STUDENT_323 Mechanical,7.06,408,76 %,3,Second Internship,2021,0,19.23491195129129
STUDENT_324 BioTech,9.63,619,92 %,2,First Internship,2022,0,26.08943279235426
STUDENT_325 Electric,8.8,690,79 %,5,None,2021,0,32.527093481156335
STUDENT_326 Mechanical,8.11,126,72 %,5,Second Internship,2021,1,27.11981407095067
STUDENT_327 CSE Core,8.32,785,48 %,3,None,2021,1,23.27357666294761
STUDENT_328 BioTech,7.59,661,90 %,2,First Internship,2023,0,21.996131817064082
STUDENT_329 ECE,6.94,298,86 %,0,Second Internship,2021,1,14.53739673767837
STUDENT_330 Electric,7.35,486,44 %,1,None,2021,2,17.469348879987407
STUDENT_331 BioTech,8.88,448,91 %,4,Third & Above,2023,1,23.991802575348583
STUDENT_332 ECE,6.05,792,80 %,0,Third & Above,2023,1,13.777211687755662
STUDENT_333 ECE,6.44,635,45 %,3,None,2021,0,24.597498441772693
STUDENT_334 BioTech,6.17,477,61 %,4,None,2023,0,24.339682794605945
STUDENT_335 ECE,6.15,657,85 %,1,Second Internship,2022,0,23.9273102530765
STUDENT_336 ECE,9.25,626,82 %,1,First Internship,2022,0,27.573894224648555
STUDENT_337 Mechanical,8.67,252,76 %,2,Second Internship,2023,2,18.51613215274476
STUDENT_338 BioTech,7.8,305,40 %,4,Third & Above,2023,0,24.125709712264186
STUDENT_339 CSE Core,6.37,554,90 %,2,None,2021,0,26.163008684338937
STUDENT_340 CSE AI-ML,7.87,372,62 %,0,None,2023,1,15.663715978823062
STUDENT_341 ECE,7.8,335,51 %,5,First Internship,2021,1,22.22615575717646
STUDENT_342 CSE Core,6.66,620,60 %,5,First Internship,2022,2,24.639029837037214
STUDENT_343 CSE AI-ML,7.65,777,77 %,5,None,2023,0,27.62152544220918
STUDENT_344 CSE Core,7.51,600,51 %,4,Second Internship,2021,0,23.32518323094417
STUDENT_345 Mechanical,8.34,216,41 %,5,None,2021,0,26.57911384919697
STUDENT_346 CSE Core,8.41,485,50 %,0,Third & Above,2022,0,21.66652695344861
STUDENT_347 CSE AI-ML,6.17,443,87 %,2,Third & Above,2023,0,19.314224036898676
STUDENT_348 BioTech,7.42,683,92 %,4,First Internship,2022,0,29.657859514243306
STUDENT_349 Electric,8.38,494,84 %,2,Second Internship,2021,0,22.883587635422863
STUDENT_350 CSE AI-ML,7.91,163,49 %,4,None,2021,0,23.57833425124935
STUDENT_351 BioTech,9.25,171,64 %,2,Second Internship,2023,0,22.489788094723625
STUDENT_352 BioTech,8.5,373,76 %,1,Second Internship,2021,0,20.4475629997865
STUDENT_353 ECE,6.62,419,95 %,2,First Internship,2023,0,20.306319832078632
STUDENT_354 Mechanical,6.27,437,49 %,5,None,2022,0,26.115191606590205
STUDENT_355 ECE,8.44,465,41 %,1,Third & Above,2023,0,27.271136240861004
STUDENT_356 CSE Core,6.1,594,95 %,2,Third & Above,2023,0,22.29883796579794
STUDENT_357 ECE,8.23,706,62 %,4,Second Internship,2021,0,24.498329997197096
STUDENT_358 BioTech,9.57,265,90 %,4,First Internship,2021,0,27.7137198291167
STUDENT_359 CSE AI-ML,8.19,643,58 %,4,Third & Above,2023,1,25.909605581805664
STUDENT_360 Mechanical,7.48,110,47 %,3,Third & Above,2021,0,22.4324180191599
STUDENT_361 BioTech,8.44,400,90 %,0,Second Internship,2021,0,21.249620604979476
STUDENT_362 ECE,7.74,201,56 %,4,Third & Above,2021,0,25.996177834604154
STUDENT_363 CSE Core,8.07,524,51 %,1,Third & Above,2023,1,20.663341231230547
STUDENT_364 Mechanical,9.58,491,52 %,4,First Internship,2021,0,33.18759613899578
STUDENT_365 Mechanical,7.47,313,61 %,3,First Internship,2023,0,21.692508159903415
STUDENT_366 CSE AI-ML,9.65,790,72 %,5,Second Internship,2021,2,28.98868693459339
STUDENT_367 ECE,9.44,187,97 %,1,Third & Above,2022,0,23.903283070779793
STUDENT_368 Mechanical,6.74,652,40 %,3,None,2021,0,23.355611859413113
STUDENT_369 CSE Core,6.26,500,69 %,5,First Internship,2021,0,23.439974395837847
STUDENT_370 CSE Core,6.38,687,62 %,1,Second Internship,2023,0,19.87129580062663
STUDENT_371 Electric,6.07,145,90 %,2,None,2023,0,15.091568765822155
STUDENT_372 ECE,6.36,771,89 %,0,First Internship,2021,0,21.475123841750655
STUDENT_373 CSE Core,8.6,562,100 %,0,None,2022,1,16.15038394073089
STUDENT_374 BioTech,6.27,691,88 %,3,Second Internship,2021,1,17.838059947364187
STUDENT_375 CSE AI-ML,7.21,409,70 %,5,Second Internship,2021,0,29.735492984714522
STUDENT_376 Mechanical,9.21,185,43 %,0,First Internship,2022,0,18.81980655805165
STUDENT_377 Mechanical,6.09,191,92 %,5,Third & Above,2023,0,21.990029702343495
STUDENT_378 CSE Core,9.09,759,90 %,5,None,2021,2,24.29170716420174
STUDENT_379 CSE AI-ML,7.07,772,92 %,3,Third & Above,2023,2,20.54824853557855
STUDENT_380 Electric,6.45,341,67 %,3,Second Internship,2023,0,19.371986664637195
STUDENT_381 Mechanical,8.65,101,59 %,3,Second Internship,2022,1,16.683821003679174
STUDENT_382 CSE AI-ML,8.39,324,50 %,0,Second Internship,2022,0,22.69384087512943
STUDENT_383 BioTech,9.33,688,50 %,3,Third & Above,2023,0,32.405131454121744
STUDENT_384 CSE Core,8.79,215,54 %,0,Second Internship,2021,0,19.515290418571965
STUDENT_385 BioTech,9.05,765,98 %,3,Second Internship,2023,0,32.24883806535582
STUDENT_386 BioTech,7.07,202,54 %,4,Third & Above,2021,0,25.966585375454322
STUDENT_387 Electric,6.67,293,50 %,5,None,2021,0,25.27815186631618
STUDENT_388 ECE,8.85,265,83 %,3,None,2022,0,25.809359479019925
STUDENT_389 CSE Core,9.07,189,68 %,1,Third & Above,2021,1,18.92789939296662
STUDENT_390 BioTech,9.76,785,40 %,5,Second Internship,2021,0,36.16899472971848
STUDENT_391 CSE AI-ML,7.57,221,45 %,5,Second Internship,2023,0,24.12216121302073
STUDENT_392 Electric,7.41,242,45 %,3,None,2022,0,21.186728261677107
STUDENT_393 CSE Core,8.95,205,64 %,2,First Internship,2021,0,23.85178275042503
STUDENT_394 Electric,7.3,527,43 %,3,First Internship,2021,0,23.42227025968094
STUDENT_395 BioTech,9.54,404,99 %,5,Third & Above,2022,0,29.888400654412994
STUDENT_396 Mechanical,9.26,416,62 %,1,Third & Above,2023,0,24.180373329269948
STUDENT_397 CSE Core,7.63,734,71 %,5,First Internship,2022,0,32.40121510118614
STUDENT_398 CSE AI-ML,8.85,108,40 %,1,None,2022,0,18.014672492880706
STUDENT_399 CSE Core,8.87,172,94 %,0,Second Internship,2021,0,20.97835700541052
STUDENT_400 ECE,6.39,458,69 %,4,Second Internship,2021,0,24.94359282560694
STUDENT_401 BioTech,9.43,322,50 %,5,Second Internship,2023,0,31.151624018593616
STUDENT_402 Mechanical,7.92,515,89 %,3,Second Internship,2021,0,23.876507239581024
STUDENT_403 CSE AI-ML,9.14,652,72 %,0,None,2021,1,18.414636768978127
STUDENT_404 BioTech,7.22,469,93 %,4,First Internship,2022,0,26.249400944822842
STUDENT_405 CSE AI-ML,9.4,363,87 %,3,Second Internship,2021,0,27.305077568827922
STUDENT_406 ECE,7.48,789,55 %,2,Second Internship,2023,0,27.858753269526265
STUDENT_407 CSE AI-ML,6.04,417,89 %,3,First Internship,2022,0,19.348926343980924
STUDENT_408 Mechanical,9.44,183,59 %,1,First Internship,2023,0,23.730236752512724
STUDENT_409 CSE AI-ML,6.35,417,40 %,1,Third & Above,2022,1,17.47882422443882
STUDENT_410 ECE,7.21,210,96 %,2,Second Internship,2021,1,16.3293805579013
STUDENT_411 ECE,9.61,350,66 %,0,Second Internship,2022,2,17.55385900652963
STUDENT_412 Electric,9.61,482,46 %,4,None,2022,0,30.80393291504819
STUDENT_413 Electric,8.18,106,66 %,3,None,2021,0,20.277060941940697
STUDENT_414 ECE,8.4,558,59 %,1,First Internship,2021,0,24.942193204569218
STUDENT_415 Electric,7.7,183,62 %,0,Third & Above,2023,0,20.47499668180203
STUDENT_416 BioTech,7.11,307,67 %,2,Second Internship,2023,0,20.334407869085272
STUDENT_417 Electric,7.25,489,94 %,5,First Internship,2021,0,23.968150122696684
STUDENT_418 Electric,8.56,413,99 %,1,First Internship,2021,1,18.37554693817198
STUDENT_419 Mechanical,8.86,121,75 %,2,None,2021,0,18.371141102296743
STUDENT_420 ECE,9.01,509,59 %,3,Third & Above,2022,0,30.19052225809213
STUDENT_421 CSE AI-ML,9.0,614,46 %,4,None,2022,0,31.66821059265619
STUDENT_422 ECE,6.35,226,62 %,1,Third & Above,2022,0,15.457261456664364
STUDENT_423 CSE Core,7.88,799,60 %,1,Third & Above,2021,0,22.413880156062127
STUDENT_424 ECE,6.22,113,92 %,3,First Internship,2023,0,16.40341008351502
STUDENT_425 Electric,8.09,111,95 %,5,Third & Above,2021,0,23.513446068605703
STUDENT_426 Electric,7.68,186,98 %,0,None,2022,0,17.438815198040114
STUDENT_427 CSE AI-ML,9.37,623,85 %,4,Third & Above,2022,1,28.121518686396758
STUDENT_428 Mechanical,7.33,636,85 %,1,Third & Above,2021,1,22.202863950747403
STUDENT_429 Electric,6.44,400,55 %,4,First Internship,2021,0,21.494490284603916
STUDENT_430 CSE AI-ML,6.54,342,55 %,1,None,2022,0,14.983624291292143
STUDENT_431 CSE AI-ML,8.89,221,91 %,4,Third & Above,2022,1,20.676043049715418
STUDENT_432 BioTech,8.35,246,58 %,2,Third & Above,2022,1,19.113950291107
STUDENT_433 ECE,6.38,666,40 %,1,None,2021,0,19.46264386610842
STUDENT_434 ECE,6.32,455,75 %,4,None,2022,0,22.60598290897395
STUDENT_435 Mechanical,8.66,784,74 %,0,None,2022,0,24.251932839361114
STUDENT_436 CSE Core,6.28,730,46 %,2,First Internship,2023,1,21.840476907410366
STUDENT_437 BioTech,9.12,408,53 %,2,First Internship,2021,2,18.146068625815357
STUDENT_438 CSE Core,8.68,794,92 %,0,First Internship,2023,0,24.54531584610438
STUDENT_439 Electric,6.31,387,44 %,4,First Internship,2023,1,20.92456716231755
STUDENT_440 Mechanical,6.32,406,72 %,3,Third & Above,2022,0,20.070036177935847
STUDENT_441 Electric,9.75,693,48 %,0,None,2021,2,21.276424748914035
STUDENT_442 Electric,7.42,761,55 %,4,Third & Above,2022,0,29.11297052404352
STUDENT_443 BioTech,7.41,648,99 %,0,None,2021,1,18.58353171792216
STUDENT_444 Mechanical,9.09,451,83 %,0,First Internship,2023,0,20.42120723458702
STUDENT_445 BioTech,9.6,411,94 %,1,Second Internship,2021,0,27.269548449043874
STUDENT_446 BioTech,9.75,158,46 %,4,None,2022,0,31.521367593166225
STUDENT_447 ECE,8.86,742,80 %,3,Second Internship,2022,2,23.65765627653479
STUDENT_448 Mechanical,7.43,134,53 %,1,Third & Above,2022,1,12.607290253259249
STUDENT_449 Mechanical,6.32,544,56 %,0,Third & Above,2021,1,15.138205416650047
STUDENT_450 Electric,8.95,192,63 %,5,None,2023,1,26.299720281172
STUDENT_451 Electric,8.12,306,83 %,0,Third & Above,2023,0,18.069624648568784
STUDENT_452 ECE,7.61,452,63 %,0,Second Internship,2021,0,19.482201631763623
STUDENT_453 Electric,9.44,431,87 %,4,Second Internship,2022,0,29.87130827282428
STUDENT_454 ECE,6.42,258,95 %,4,First Internship,2023,0,23.826095704411852
STUDENT_455 Mechanical,7.87,123,65 %,1,First Internship,2022,0,20.020847466178747
STUDENT_456 Mechanical,6.04,503,53 %,3,Third & Above,2021,0,23.243735939064525
STUDENT_457 BioTech,7.78,615,72 %,1,None,2022,0,22.357462886647152
STUDENT_458 ECE,6.21,463,68 %,2,None,2023,0,20.853837910347846
STUDENT_459 Electric,6.45,481,58 %,0,None,2023,0,16.266073345749742
STUDENT_460 BioTech,6.45,631,56 %,5,Second Internship,2022,0,28.401052199770422
STUDENT_461 BioTech,8.47,251,51 %,0,None,2021,2,15.752439281571231
STUDENT_462 CSE AI-ML,8.83,661,74 %,0,None,2022,0,25.376727137545245
STUDENT_463 CSE AI-ML,8.22,788,45 %,1,None,2021,2,19.08517882641037
STUDENT_464 Electric,9.66,707,65 %,5,None,2022,0,33.4825457439168
STUDENT_465 ECE,7.42,716,70 %,5,None,2023,0,33.11303242132402
STUDENT_466 BioTech,7.09,519,96 %,5,First Internship,2021,0,26.168579110753008
STUDENT_467 ECE,9.3,349,50 %,1,None,2021,0,25.68998833490114
STUDENT_468 ECE,6.85,216,83 %,0,Third & Above,2021,0,16.537783196437044
STUDENT_469 Electric,9.66,611,67 %,1,Third & Above,2023,0,26.261727103080315
STUDENT_470 BioTech,6.05,677,99 %,4,Second Internship,2022,0,22.18070194506115
STUDENT_471 CSE AI-ML,9.69,434,79 %,4,None,2023,0,30.143200761177013
STUDENT_472 CSE AI-ML,6.16,517,81 %,1,Third & Above,2021,0,19.172201733212248
STUDENT_473 CSE AI-ML,9.39,394,65 %,5,None,2022,0,33.83306934291867
STUDENT_474 Electric,8.01,470,82 %,0,Third & Above,2023,0,18.999614609155003
STUDENT_475 BioTech,9.77,285,45 %,1,Second Internship,2021,0,28.47953718309557
STUDENT_476 CSE Core,6.28,345,57 %,1,First Internship,2021,1,15.267621058993187
STUDENT_477 Mechanical,8.1,736,90 %,1,Third & Above,2023,0,25.815658442444313
STUDENT_478 CSE AI-ML,9.68,367,85 %,2,Third & Above,2023,0,24.84385573113554
STUDENT_479 CSE AI-ML,7.99,742,70 %,4,First Internship,2023,1,27.029412615108935
STUDENT_480 ECE,8.39,336,86 %,5,None,2021,0,28.586101856466428
STUDENT_481 CSE Core,8.64,629,80 %,3,Third & Above,2023,0,29.944654583641753
STUDENT_482 CSE AI-ML,7.73,651,83 %,5,None,2021,0,27.513355584816114
STUDENT_483 Mechanical,8.38,120,40 %,3,First Internship,2023,0,25.27356171157608
STUDENT_484 BioTech,8.22,619,75 %,2,Third & Above,2021,0,26.35283104754396
STUDENT_485 CSE Core,9.42,199,46 %,1,First Internship,2021,1,20.54645779061462
STUDENT_486 Electric,6.17,577,80 %,2,Third & Above,2022,0,20.66811547699048
STUDENT_487 BioTech,7.07,698,84 %,2,Second Internship,2023,0,22.2637147234419
STUDENT_488 Mechanical,9.61,397,74 %,0,Second Internship,2023,0,23.335449254806573
STUDENT_489 ECE,9.38,625,87 %,4,Second Internship,2021,0,31.38459109964644
STUDENT_490 CSE AI-ML,7.73,433,76 %,3,First Internship,2021,0,21.519143463771016
STUDENT_491 Electric,8.36,101,47 %,1,First Internship,2021,0,20.81657081033025
STUDENT_492 Mechanical,7.05,474,48 %,3,None,2022,0,25.33304926779316
STUDENT_493 ECE,6.71,392,43 %,5,None,2022,0,23.380670752357748
STUDENT_494 Electric,7.76,652,73 %,3,Second Internship,2021,0,24.494829299455816
STUDENT_495 CSE Core,7.34,417,83 %,5,Second Internship,2023,0,25.7440772462514
STUDENT_496 BioTech,8.22,601,50 %,4,None,2023,1,25.4977901939726
STUDENT_497 BioTech,6.3,480,62 %,5,Second Internship,2022,0,24.37165798016933
STUDENT_498 Electric,9.7,722,40 %,3,First Internship,2022,0,30.99816433445843
STUDENT_499 ECE,9.75,113,65 %,3,Third & Above,2021,0,25.57295539535183
STUDENT_500 CSE Core,8.65,603,98 %,5,Second Internship,2023,0,28.093462122548743
STUDENT_501 ECE,8.04,330,97 %,2,First Internship,2021,0,19.87340874539347
STUDENT_502 BioTech,7.18,183,64 %,4,Second Internship,2022,0,16.745444518153707
STUDENT_503 Electric,9.09,229,52 %,0,First Internship,2023,0,22.355090456906943
STUDENT_504 ECE,8.6,244,43 %,1,First Internship,2023,1,18.170454041234898
STUDENT_505 CSE AI-ML,6.62,127,49 %,3,Second Internship,2022,0,21.10570226293031
STUDENT_506 CSE AI-ML,9.46,165,78 %,1,None,2021,0,19.794524008377216
STUDENT_507 CSE AI-ML,9.13,262,90 %,0,Second Internship,2021,1,17.928814679066328
STUDENT_508 Electric,9.61,328,59 %,1,Third & Above,2023,2,18.429653012233203
STUDENT_509 CSE Core,8.76,360,48 %,0,First Internship,2022,1,16.996435010339972
STUDENT_510 Mechanical,8.33,548,73 %,5,Second Internship,2023,0,26.533144403066416
STUDENT_511 CSE AI-ML,7.59,523,75 %,2,Second Internship,2022,0,26.901742672270313
STUDENT_512 ECE,9.54,559,50 %,3,First Internship,2021,0,31.9685666825401
STUDENT_513 ECE,9.29,775,49 %,0,None,2022,0,25.56613545654927
STUDENT_514 CSE Core,6.17,400,80 %,1,Second Internship,2021,0,18.860455290339214
STUDENT_515 Electric,6.1,402,80 %,3,First Internship,2022,0,19.750418647286214
STUDENT_516 CSE Core,7.43,386,72 %,2,First Internship,2023,1,16.729192793950503
STUDENT_517 ECE,9.08,494,72 %,5,Second Internship,2021,0,34.25452300991403
STUDENT_518 CSE Core,9.75,109,46 %,3,First Internship,2023,1,18.779262237188398
STUDENT_519 Mechanical,6.57,729,42 %,0,Second Internship,2023,0,19.858992606057768
STUDENT_520 CSE AI-ML,8.26,369,96 %,2,First Internship,2021,0,23.378647654484467
STUDENT_521 Electric,7.45,691,73 %,1,First Internship,2021,0,26.612473157374573
STUDENT_522 BioTech,9.69,704,42 %,2,Second Internship,2023,0,31.213177308472034
STUDENT_523 BioTech,9.2,460,94 %,2,Second Internship,2023,0,22.65550045086536
STUDENT_524 BioTech,9.19,356,95 %,4,Third & Above,2023,0,27.934499517931634
STUDENT_525 CSE Core,7.78,232,60 %,2,Third & Above,2023,2,14.922120396728719
STUDENT_526 CSE Core,7.58,375,81 %,2,Second Internship,2021,0,21.453323329401115
STUDENT_527 ECE,7.04,782,60 %,3,First Internship,2021,0,27.6396182150606
STUDENT_528 Electric,6.21,612,77 %,1,Third & Above,2023,0,17.221786144488046
STUDENT_529 CSE Core,9.29,412,66 %,3,First Internship,2022,0,26.38272817492666
STUDENT_530 BioTech,9.09,675,73 %,3,Third & Above,2022,0,30.38763749642615
STUDENT_531 CSE AI-ML,9.8,383,41 %,0,None,2021,0,24.78915137032128
STUDENT_532 Mechanical,9.79,220,44 %,3,First Internship,2023,0,26.57883894701839
STUDENT_533 BioTech,8.11,206,62 %,4,Second Internship,2023,0,23.7032155993994
STUDENT_534 Electric,8.92,786,81 %,4,None,2021,0,31.460117452747053
STUDENT_535 CSE AI-ML,9.59,303,61 %,0,First Internship,2022,0,23.690814244754474
STUDENT_536 Electric,9.23,264,92 %,5,Third & Above,2022,0,28.667801568250923
STUDENT_537 CSE AI-ML,6.94,404,84 %,1,Third & Above,2022,0,17.336304909118944
STUDENT_538 CSE Core,7.71,596,43 %,1,First Internship,2021,0,20.413004832110193
STUDENT_539 ECE,6.49,731,66 %,3,None,2022,0,21.81072515712778
STUDENT_540 Electric,9.63,655,86 %,3,First Internship,2021,0,33.22116163697871
STUDENT_541 ECE,8.3,255,76 %,5,First Internship,2021,1,25.264923671224892
STUDENT_542 CSE AI-ML,6.87,466,54 %,3,First Internship,2023,0,22.687024233638905
STUDENT_543 ECE,8.55,719,93 %,1,None,2022,1,21.882415029671836
STUDENT_544 BioTech,8.35,350,79 %,2,Second Internship,2021,2,16.052139984065285
STUDENT_545 BioTech,7.36,433,49 %,4,Third & Above,2022,0,27.23647421516442
STUDENT_546 Mechanical,6.43,741,83 %,2,None,2022,0,27.07886701634948
STUDENT_547 CSE Core,8.55,610,87 %,2,None,2023,0,24.989214152144925
STUDENT_548 CSE Core,7.98,392,52 %,1,First Internship,2022,0,23.65683104131142
STUDENT_549 Electric,8.93,119,86 %,2,None,2023,0,22.10602583071778
STUDENT_550 Mechanical,7.98,381,56 %,5,First Internship,2021,0,26.845142140179068
STUDENT_551 ECE,9.24,100,58 %,0,Third & Above,2022,0,22.488428565659845
STUDENT_552 ECE,8.1,218,56 %,3,None,2021,1,19.859668558514446
STUDENT_553 CSE AI-ML,8.13,134,57 %,0,None,2022,0,18.19272887850927
STUDENT_554 ECE,9.33,297,41 %,4,Second Internship,2021,0,28.12654786582289
STUDENT_555 Electric,7.53,584,76 %,3,Third & Above,2022,0,22.148801266681094
STUDENT_556 BioTech,6.51,158,67 %,2,None,2022,0,18.176822297432125
STUDENT_557 BioTech,6.11,260,86 %,4,Third & Above,2022,0,19.694615951119534
STUDENT_558 Electric,8.87,790,58 %,3,First Internship,2022,1,24.297693719708757
STUDENT_559 Electric,8.36,305,74 %,5,First Internship,2022,0,26.235725839102475
STUDENT_560 BioTech,8.68,111,64 %,5,Second Internship,2022,0,24.91922226072611
STUDENT_561 CSE Core,6.81,589,92 %,5,First Internship,2022,0,29.06976507826066
STUDENT_562 Mechanical,6.52,375,47 %,5,None,2022,1,19.162420767795936
STUDENT_563 Electric,6.06,792,45 %,2,Second Internship,2022,0,21.46030512190149
STUDENT_564 Electric,7.33,341,82 %,0,Third & Above,2021,0,18.540776521096024
STUDENT_565 BioTech,8.24,315,40 %,3,Third & Above,2023,0,21.478412457291505
STUDENT_566 BioTech,7.49,350,43 %,2,Third & Above,2022,0,20.161986483535333
STUDENT_567 CSE AI-ML,7.66,225,90 %,5,Second Internship,2023,0,21.741046529333556
STUDENT_568 CSE AI-ML,9.44,316,47 %,0,Third & Above,2022,0,23.88002292001079
STUDENT_569 BioTech,7.32,405,85 %,4,Second Internship,2022,0,24.08727375911963
STUDENT_570 CSE AI-ML,7.95,284,66 %,4,Third & Above,2021,0,24.708164309995517
STUDENT_571 Electric,8.98,138,65 %,4,Third & Above,2021,1,24.17202063958218
STUDENT_572 CSE AI-ML,7.51,322,58 %,5,None,2023,0,24.295462232692223
STUDENT_573 BioTech,8.36,283,87 %,4,Second Internship,2021,0,24.92602598270399
STUDENT_574 Electric,9.28,594,82 %,1,Second Internship,2021,0,23.887344001388517
STUDENT_575 Mechanical,9.61,526,41 %,3,First Internship,2023,0,26.862992558008372
STUDENT_576 ECE,6.56,277,77 %,3,First Internship,2021,1,15.548834211988243
STUDENT_577 CSE AI-ML,9.52,527,75 %,5,Third & Above,2022,0,30.825019218332667
STUDENT_578 Mechanical,7.87,393,95 %,1,First Internship,2023,0,20.40040893165387
STUDENT_579 ECE,6.98,250,59 %,2,None,2023,0,20.03726430179676
STUDENT_580 Mechanical,7.74,483,78 %,2,First Internship,2022,0,21.527566103916204
STUDENT_581 CSE AI-ML,9.72,737,66 %,4,First Internship,2021,0,33.44926535183495
STUDENT_582 CSE AI-ML,7.87,407,47 %,0,Third & Above,2023,0,20.780002583046457
STUDENT_583 CSE AI-ML,7.25,435,87 %,2,Third & Above,2023,0,20.914355634335468
STUDENT_584 BioTech,8.41,474,52 %,0,Third & Above,2022,2,13.95055085516324
STUDENT_585 CSE AI-ML,6.91,107,57 %,3,None,2022,0,19.56015806395998
STUDENT_586 ECE,6.29,440,94 %,0,Third & Above,2021,0,16.57416507397911
STUDENT_587 CSE Core,6.49,228,76 %,3,Third & Above,2023,1,17.200703658547088
STUDENT_588 CSE Core,6.49,768,50 %,1,Second Internship,2021,0,25.299732872519932
STUDENT_589 Mechanical,6.58,451,78 %,1,Third & Above,2021,0,19.307274096855433
STUDENT_590 CSE Core,6.53,457,82 %,5,None,2022,0,23.85153887743974
STUDENT_591 Mechanical,8.44,616,81 %,5,None,2023,0,28.75822077611588
STUDENT_592 ECE,6.69,594,54 %,4,First Internship,2023,0,23.61559673735683
STUDENT_593 Electric,7.31,185,70 %,2,First Internship,2023,0,16.544467385777757
STUDENT_594 CSE Core,9.41,274,95 %,4,Second Internship,2022,1,26.42548721669116
STUDENT_595 CSE Core,7.8,292,60 %,3,None,2022,0,18.55344236128847
STUDENT_596 CSE AI-ML,8.54,410,80 %,4,Third & Above,2022,0,28.15620963543861
STUDENT_597 ECE,6.65,218,48 %,0,Third & Above,2022,0,13.74387218664954
STUDENT_598 Electric,6.73,317,41 %,3,Third & Above,2022,0,20.10518957075177
STUDENT_599 Electric,6.16,526,100 %,5,First Internship,2023,0,23.284024716911222
STUDENT_600 ECE,6.64,513,53 %,1,Third & Above,2021,0,22.80172931928406
STUDENT_601 BioTech,7.06,213,80 %,5,None,2023,1,20.782631203371555
STUDENT_602 CSE AI-ML,6.67,244,56 %,2,None,2021,0,20.360757050085706
STUDENT_603 BioTech,6.34,637,61 %,3,First Internship,2022,0,26.151053717192013
STUDENT_604 CSE AI-ML,6.46,747,92 %,3,Second Internship,2021,0,25.21681094804481
STUDENT_605 CSE AI-ML,7.75,402,42 %,0,None,2023,0,17.128752458289576
STUDENT_606 ECE,6.78,687,97 %,2,Third & Above,2023,0,22.988714499768456
STUDENT_607 CSE AI-ML,7.38,444,60 %,1,None,2021,0,19.215503972867594
STUDENT_608 CSE Core,7.91,100,94 %,3,None,2022,0,20.3129916762254
STUDENT_609 BioTech,8.62,246,85 %,3,Second Internship,2022,0,24.01075241470142
STUDENT_610 BioTech,6.15,386,87 %,0,None,2023,0,15.891688715815471
STUDENT_611 CSE Core,9.04,753,88 %,4,None,2021,0,32.43421832204057
STUDENT_612 Electric,8.39,152,50 %,1,Second Internship,2022,0,20.914608587560974
STUDENT_613 Electric,6.31,403,53 %,5,None,2022,1,20.881709647467083
STUDENT_614 CSE AI-ML,9.32,168,55 %,2,First Internship,2023,0,24.126937836215834
STUDENT_615 CSE AI-ML,9.5,460,55 %,3,Second Internship,2022,0,27.001280290129117
STUDENT_616 CSE AI-ML,6.23,701,46 %,3,Second Internship,2021,0,26.599559651193005
STUDENT_617 CSE Core,7.05,319,95 %,5,First Internship,2023,0,23.658977423564707
STUDENT_618 ECE,9.06,674,73 %,1,None,2023,0,28.754372969244855
STUDENT_619 BioTech,8.84,684,88 %,4,Third & Above,2021,0,27.567865816456557
STUDENT_620 ECE,6.7,260,64 %,3,First Internship,2023,0,19.739185485178307
STUDENT_621 BioTech,6.8,780,65 %,1,Third & Above,2022,1,19.238043652772788
STUDENT_622 Electric,7.41,188,46 %,5,Third & Above,2022,0,24.75798358949695
STUDENT_623 ECE,7.84,787,84 %,0,Second Internship,2021,0,25.27363360643765
STUDENT_624 CSE AI-ML,8.35,684,44 %,4,Third & Above,2022,0,27.041209593880943
STUDENT_625 CSE AI-ML,7.4,688,65 %,2,None,2021,1,19.464033915914186
STUDENT_626 Mechanical,7.76,258,51 %,3,None,2021,0,19.796183864567524
STUDENT_627 CSE AI-ML,8.84,588,59 %,1,First Internship,2022,0,27.700368394396833
STUDENT_628 Electric,6.14,423,77 %,0,First Internship,2021,0,17.105209885594242
STUDENT_629 Electric,6.96,709,95 %,2,None,2022,0,21.841257583085753
STUDENT_630 Electric,8.71,480,84 %,1,Second Internship,2023,0,22.83381025208786
STUDENT_631 Electric,9.4,201,63 %,1,First Internship,2023,2,18.67352279132299
STUDENT_632 Electric,7.94,593,60 %,2,Second Internship,2021,0,24.253761539377525
STUDENT_633 Mechanical,8.02,743,70 %,0,Second Internship,2022,1,19.795623724417652
STUDENT_634 CSE AI-ML,6.41,713,54 %,5,First Internship,2022,0,25.887406586353883
STUDENT_635 Electric,7.7,118,85 %,0,None,2023,0,14.530015372362476
STUDENT_636 BioTech,8.02,553,99 %,4,Second Internship,2023,0,29.936647620886312
STUDENT_637 ECE,6.92,581,56 %,3,Third & Above,2022,0,27.49780317748412
STUDENT_638 BioTech,7.02,693,86 %,2,None,2021,1,18.999611194425302
STUDENT_639 Electric,7.43,496,80 %,5,None,2023,1,27.12988465843624
STUDENT_640 Mechanical,6.08,378,43 %,2,None,2021,1,14.965221167419788
STUDENT_641 Mechanical,7.22,464,74 %,2,Second Internship,2021,0,23.147295990737774
STUDENT_642 Mechanical,6.8,430,87 %,0,None,2023,0,20.720427609628814
STUDENT_643 Mechanical,7.24,740,95 %,3,Third & Above,2021,0,26.08984680859274
STUDENT_644 Mechanical,6.46,443,93 %,4,Third & Above,2021,2,16.694116159465285
STUDENT_645 Electric,9.38,554,93 %,1,First Internship,2022,0,27.402161927576373
STUDENT_646 ECE,8.26,700,98 %,1,Second Internship,2021,0,22.800094325927503
STUDENT_647 Electric,8.58,754,95 %,2,Third & Above,2022,0,29.99412275568086
STUDENT_648 Electric,9.0,164,99 %,3,Second Internship,2023,0,24.425618784885167
STUDENT_649 CSE Core,7.89,175,96 %,5,Third & Above,2023,2,17.874498983691648
STUDENT_650 CSE AI-ML,6.33,242,90 %,0,Third & Above,2022,0,13.871664793368291
STUDENT_651 ECE,8.04,704,51 %,3,None,2023,0,24.853074976343265
STUDENT_652 Electric,8.23,572,48 %,3,None,2021,0,25.60765566675202
STUDENT_653 Electric,8.83,516,49 %,0,First Internship,2021,0,22.291924476011197
STUDENT_654 ECE,7.64,404,75 %,2,Second Internship,2021,0,20.197412936577038
STUDENT_655 ECE,6.48,596,55 %,3,First Internship,2023,0,23.329070047741993
STUDENT_656 CSE Core,7.08,390,55 %,1,Third & Above,2021,1,17.50583416905099
STUDENT_657 CSE AI-ML,7.38,201,50 %,0,None,2023,1,13.343055728001161
STUDENT_658 CSE AI-ML,8.45,366,74 %,5,Third & Above,2021,0,29.385451653038533
STUDENT_659 Electric,8.17,721,92 %,4,None,2022,0,27.935720034041328
STUDENT_660 Electric,7.35,102,94 %,2,First Internship,2023,1,17.72676552843988
STUDENT_661 Mechanical,9.75,184,62 %,0,Second Internship,2023,0,21.583629411549715
STUDENT_662 Electric,8.3,427,86 %,4,None,2021,0,29.960514339509487
STUDENT_663 Electric,6.9,549,85 %,4,Third & Above,2023,0,30.118434624477466
STUDENT_664 ECE,6.39,553,47 %,5,None,2023,0,24.869512815393435
STUDENT_665 CSE Core,6.58,728,92 %,3,Second Internship,2022,0,24.081872246197086
STUDENT_666 Mechanical,6.93,320,43 %,5,None,2022,2,18.067515756102566
STUDENT_667 CSE Core,6.61,253,87 %,3,Third & Above,2021,0,21.44140450035103
STUDENT_668 BioTech,6.71,764,87 %,3,First Internship,2022,0,28.211939940950177
STUDENT_669 Electric,7.08,111,65 %,0,First Internship,2021,0,13.964383031660393
STUDENT_670 ECE,6.66,232,79 %,0,First Internship,2021,0,16.402488532956145
STUDENT_671 ECE,9.41,403,44 %,2,None,2021,0,25.578145420288468
STUDENT_672 BioTech,6.3,392,59 %,3,First Internship,2023,0,22.256218205081176
STUDENT_673 CSE Core,7.99,399,58 %,4,First Internship,2022,0,28.98891538681538
STUDENT_674 CSE Core,7.56,142,45 %,1,None,2021,0,17.55934352513397
STUDENT_675 BioTech,9.73,442,98 %,2,Second Internship,2022,1,20.54026466665254
STUDENT_676 ECE,6.43,425,70 %,0,None,2021,1,15.597803353760586
STUDENT_677 Electric,7.51,597,51 %,5,None,2022,0,26.824589562789093
STUDENT_678 Electric,9.68,463,96 %,2,First Internship,2022,0,26.703768526072444
STUDENT_679 ECE,9.29,526,58 %,2,First Internship,2021,0,28.414061673743223
STUDENT_680 CSE AI-ML,9.1,120,75 %,2,Third & Above,2023,0,22.994789707062214
STUDENT_681 Mechanical,6.98,506,42 %,2,Third & Above,2022,0,21.81655994889391
STUDENT_682 BioTech,6.65,718,73 %,1,Second Internship,2023,0,20.82823657508336
STUDENT_683 BioTech,8.54,435,97 %,5,First Internship,2023,0,23.130212439450002
STUDENT_684 CSE AI-ML,9.53,216,63 %,5,First Internship,2021,1,27.116641631512405
STUDENT_685 CSE AI-ML,8.12,223,94 %,5,First Internship,2021,1,22.46409660154847
STUDENT_686 Mechanical,8.17,498,42 %,3,None,2021,1,25.84667255671145
STUDENT_687 BioTech,7.06,150,44 %,4,Third & Above,2022,0,22.416056059923736
STUDENT_688 BioTech,8.92,423,44 %,5,First Internship,2021,0,28.487749254930314
STUDENT_689 Electric,6.71,240,92 %,2,Second Internship,2021,0,20.95374017675208
STUDENT_690 Electric,7.23,569,64 %,2,None,2022,0,25.452258811916384
STUDENT_691 CSE Core,7.62,433,41 %,5,Third & Above,2022,0,26.631936371295044
STUDENT_692 Electric,7.93,472,41 %,5,Second Internship,2021,0,30.467289731146455
STUDENT_693 Mechanical,6.92,663,71 %,2,Second Internship,2021,0,22.359383889227903
STUDENT_694 Mechanical,6.44,593,79 %,3,Third & Above,2021,1,20.629295538815807
STUDENT_695 ECE,8.32,638,57 %,0,Third & Above,2021,0,24.16281677543756
STUDENT_696 ECE,7.1,768,45 %,0,None,2023,0,23.449563168028376
STUDENT_697 Mechanical,8.21,255,68 %,5,First Internship,2023,0,27.713043697231782
STUDENT_698 ECE,6.59,390,62 %,1,Second Internship,2021,0,17.914685638873653
STUDENT_699 CSE Core,7.83,747,81 %,5,Second Internship,2023,0,32.81739528138288
STUDENT_700 Electric,8.02,243,51 %,5,Second Internship,2022,0,25.72114535378716
STUDENT_701 ECE,6.2,205,45 %,0,Second Internship,2023,0,13.311945275449613
STUDENT_702 ECE,7.28,519,80 %,2,Third & Above,2023,0,21.64132406537334
STUDENT_703 Mechanical,6.51,769,83 %,5,Second Internship,2021,0,32.08997678295267
STUDENT_704 ECE,6.24,757,63 %,2,Second Internship,2023,0,21.56603314381611
STUDENT_705 CSE Core,9.76,101,90 %,2,None,2023,0,26.113270453520894
STUDENT_706 Mechanical,7.22,688,97 %,1,None,2023,1,17.54906660837966
STUDENT_707 Mechanical,9.08,743,97 %,2,Second Internship,2023,0,29.565810890148374
STUDENT_708 CSE AI-ML,6.97,189,99 %,0,First Internship,2022,0,16.42416690298167
STUDENT_709 BioTech,8.59,444,49 %,3,None,2021,0,29.362453759452457
STUDENT_710 ECE,8.89,449,64 %,3,None,2021,1,22.461196209662972
STUDENT_711 CSE AI-ML,8.26,558,84 %,4,Second Internship,2022,1,23.238671564079226
STUDENT_712 Mechanical,7.79,362,62 %,5,Third & Above,2023,0,26.466979243306035
STUDENT_713 BioTech,7.56,450,40 %,0,First Internship,2022,0,22.949603658480903
STUDENT_714 Mechanical,7.33,207,76 %,2,Second Internship,2023,1,14.961683040112465
STUDENT_715 CSE Core,9.53,685,53 %,3,Second Internship,2022,0,25.233166735591595
STUDENT_716 ECE,9.16,138,42 %,0,Second Internship,2021,0,19.819535674746565
STUDENT_717 Electric,9.67,258,55 %,3,Third & Above,2021,0,28.31904583592202
STUDENT_718 Mechanical,6.47,682,49 %,2,First Internship,2021,1,17.73238813472027
STUDENT_719 ECE,8.78,411,97 %,3,None,2023,1,24.865864346706527
STUDENT_720 Mechanical,9.57,340,91 %,5,First Internship,2023,0,27.968178029975086
STUDENT_721 Mechanical,6.69,544,88 %,5,Third & Above,2022,0,26.026882928616644
STUDENT_722 ECE,6.25,397,79 %,4,Second Internship,2022,0,23.975364630572113
STUDENT_723 CSE Core,8.82,135,49 %,4,Third & Above,2021,0,22.615069196523123
STUDENT_724 ECE,8.18,183,62 %,3,Third & Above,2023,2,17.053026663015107
STUDENT_725 Electric,9.2,551,85 %,0,Third & Above,2022,0,26.33994702258447
STUDENT_726 Mechanical,6.53,484,89 %,5,First Internship,2023,0,26.3478681984227
STUDENT_727 Electric,9.02,271,68 %,0,None,2023,0,19.308747884818466
STUDENT_728 CSE AI-ML,6.77,475,71 %,0,Second Internship,2021,0,21.327436705433588
STUDENT_729 CSE Core,6.62,784,92 %,3,Second Internship,2021,0,26.896785023844977
STUDENT_730 CSE Core,6.62,461,43 %,0,Second Internship,2023,0,14.129104000151388
STUDENT_731 ECE,9.1,658,96 %,5,Second Internship,2023,0,34.00848722946846
STUDENT_732 ECE,8.53,240,71 %,2,First Internship,2023,0,21.317251495165443
STUDENT_733 BioTech,7.99,217,48 %,4,Third & Above,2023,0,24.543127095284927
STUDENT_734 BioTech,7.36,376,82 %,2,First Internship,2021,0,23.49600800858652
STUDENT_735 ECE,9.33,319,74 %,0,None,2022,0,20.750790830670333
STUDENT_736 Electric,7.49,125,80 %,2,Second Internship,2021,1,12.938814771916373
STUDENT_737 Electric,9.1,620,48 %,5,None,2022,1,31.911090383811654
STUDENT_738 BioTech,7.67,109,87 %,5,Second Internship,2023,2,20.259166942403894
STUDENT_739 Mechanical,7.43,477,58 %,0,None,2022,0,19.455487973634106
STUDENT_740 BioTech,7.76,732,100 %,3,Third & Above,2021,2,23.04684290298423
STUDENT_741 Electric,7.15,736,94 %,2,Third & Above,2021,0,23.92122653587263
STUDENT_742 Electric,8.84,781,54 %,3,Second Internship,2023,0,30.1839403535217
STUDENT_743 ECE,7.91,683,69 %,3,None,2021,0,26.861424114726518
STUDENT_744 Mechanical,6.88,251,51 %,1,Second Internship,2023,0,17.112111829285396
STUDENT_745 Mechanical,9.42,148,93 %,0,None,2021,0,21.03860516017151
STUDENT_746 CSE AI-ML,7.46,253,94 %,4,First Internship,2021,0,21.033642352708824
STUDENT_747 BioTech,8.07,392,85 %,5,Third & Above,2023,0,27.056838338468843
STUDENT_748 ECE,9.44,679,78 %,5,Second Internship,2022,0,33.79895894496681
STUDENT_749 Electric,8.37,149,75 %,0,None,2021,0,21.90620141592327
STUDENT_750 CSE AI-ML,6.44,763,76 %,4,Second Internship,2022,0,24.17493156937461
STUDENT_751 Electric,9.57,630,90 %,5,First Internship,2021,0,33.981106115464854
STUDENT_752 ECE,8.39,711,44 %,0,Third & Above,2021,1,22.150297552855722
STUDENT_753 CSE AI-ML,7.27,159,67 %,5,Second Internship,2021,1,16.876562538634527
STUDENT_754 Electric,6.53,266,44 %,3,None,2021,0,21.041064028818504
STUDENT_755 CSE AI-ML,9.02,301,56 %,2,Third & Above,2022,0,25.810570157967557
STUDENT_756 ECE,8.36,245,80 %,2,Third & Above,2022,0,23.347305358764867
STUDENT_757 Electric,8.03,775,44 %,5,Third & Above,2021,1,28.14214549025465
STUDENT_758 ECE,9.4,538,57 %,1,None,2021,0,26.34648007304486
STUDENT_759 CSE AI-ML,9.0,341,61 %,4,Third & Above,2022,0,27.74968939449806
STUDENT_760 ECE,6.58,680,93 %,4,None,2023,0,22.58108532336961
STUDENT_761 CSE AI-ML,7.18,786,98 %,4,Second Internship,2023,0,28.606640649508932
STUDENT_762 Electric,6.94,660,61 %,3,Third & Above,2022,0,24.245859188036654
STUDENT_763 Mechanical,8.83,582,86 %,4,Third & Above,2021,1,25.070355658004033
STUDENT_764 Mechanical,6.13,207,98 %,2,None,2021,0,22.299939907173307
STUDENT_765 Mechanical,8.17,325,57 %,3,Second Internship,2023,0,26.595231439239114
STUDENT_766 Mechanical,8.9,772,58 %,0,Third & Above,2023,1,20.219655879371224
STUDENT_767 BioTech,9.33,730,79 %,4,None,2022,1,29.65327239313168
STUDENT_768 CSE Core,7.3,760,86 %,4,Second Internship,2023,0,31.116050551128648
STUDENT_769 ECE,9.12,761,66 %,0,First Internship,2022,0,22.857601691847993
STUDENT_770 BioTech,6.42,531,88 %,4,First Internship,2023,0,24.303966282814308
STUDENT_771 CSE Core,9.22,754,52 %,0,Third & Above,2023,1,23.228145451438987
STUDENT_772 Mechanical,6.48,518,79 %,3,First Internship,2023,0,20.091014235001957
STUDENT_773 Electric,7.51,554,89 %,2,None,2021,1,21.319100609224456
STUDENT_774 Electric,9.03,259,91 %,0,First Internship,2021,0,22.882492781036248
STUDENT_775 Electric,6.57,622,53 %,1,Second Internship,2021,0,23.876095182838306
STUDENT_776 CSE AI-ML,6.87,749,81 %,0,Second Internship,2023,0,20.73127179674811
STUDENT_777 CSE AI-ML,8.74,689,42 %,4,Third & Above,2022,0,35.37329007027023
STUDENT_778 CSE AI-ML,8.74,176,95 %,3,Second Internship,2022,0,19.62406649320649
STUDENT_779 BioTech,8.44,608,76 %,5,First Internship,2022,0,31.172433419628927
STUDENT_780 ECE,8.64,540,47 %,3,First Internship,2022,0,24.355411360140288
STUDENT_781 Electric,8.06,353,76 %,5,Third & Above,2021,2,21.330365274993802
STUDENT_782 CSE AI-ML,6.96,419,41 %,0,First Internship,2021,0,17.06618649978994
STUDENT_783 ECE,7.31,362,75 %,2,Third & Above,2023,0,22.253754912781122
STUDENT_784 Mechanical,6.69,696,83 %,1,First Internship,2023,0,21.58623857179561
STUDENT_785 CSE Core,9.45,757,86 %,3,Second Internship,2022,0,29.318031643946966
STUDENT_786 CSE AI-ML,8.22,653,90 %,4,Second Internship,2021,0,27.44941810487204
STUDENT_787 Mechanical,7.52,473,91 %,5,First Internship,2022,0,31.134918994899106
STUDENT_788 CSE Core,7.76,736,57 %,4,First Internship,2023,1,26.76704747692483
STUDENT_789 Electric,9.6,266,49 %,2,Second Internship,2023,0,21.455742586923222
STUDENT_790 ECE,6.58,558,96 %,5,Second Internship,2022,0,27.34157547023353
STUDENT_791 ECE,8.23,379,82 %,3,Third & Above,2023,0,24.360646675284006
STUDENT_792 Mechanical,7.92,799,76 %,0,Second Internship,2022,0,23.839202174194277
STUDENT_793 CSE AI-ML,8.32,401,91 %,4,Third & Above,2021,0,28.289776307963592
STUDENT_794 Mechanical,6.07,630,62 %,2,None,2022,1,20.806454347425692
STUDENT_795 CSE AI-ML,9.31,679,50 %,3,Second Internship,2021,1,25.19237454415862
STUDENT_796 CSE Core,9.54,317,66 %,3,Second Internship,2021,0,26.690516691689233
STUDENT_797 Mechanical,8.15,201,96 %,3,First Internship,2023,0,21.717777994522862
STUDENT_798 ECE,8.65,653,71 %,3,Second Internship,2023,0,29.523724362148528
STUDENT_799 CSE AI-ML,9.51,387,45 %,5,First Internship,2023,0,29.925391012527662
STUDENT_800 CSE Core,8.69,266,99 %,3,First Internship,2022,0,24.59850295940375
STUDENT_801 BioTech,6.58,720,69 %,4,Third & Above,2022,0,25.81944647797967
STUDENT_802 CSE AI-ML,8.19,135,99 %,2,First Internship,2023,0,20.517760968861335
STUDENT_803 Electric,8.31,452,65 %,5,First Internship,2022,0,32.04930201185627
STUDENT_804 Electric,7.61,775,74 %,3,Third & Above,2023,0,32.25153232953545
STUDENT_805 BioTech,8.8,172,68 %,1,Second Internship,2022,0,21.574184187484953
STUDENT_806 CSE Core,9.55,747,79 %,1,None,2021,0,27.870060440366196
STUDENT_807 CSE AI-ML,9.52,452,48 %,2,First Internship,2021,0,23.368726478220633
STUDENT_808 ECE,7.71,169,97 %,0,None,2023,1,12.589163600377253
STUDENT_809 ECE,6.43,524,68 %,0,Third & Above,2022,0,17.846527928428188
STUDENT_810 Electric,9.74,660,99 %,5,Third & Above,2022,0,32.14987355872515
STUDENT_811 ECE,9.19,741,46 %,5,Third & Above,2021,0,32.07019847425615
STUDENT_812 Mechanical,6.47,616,74 %,5,None,2021,1,26.750778948112334
STUDENT_813 CSE AI-ML,9.5,527,71 %,0,Second Internship,2023,0,24.327581627476963
STUDENT_814 BioTech,9.31,638,88 %,1,Second Internship,2021,0,26.736423982803874
STUDENT_815 CSE AI-ML,7.97,259,76 %,0,Third & Above,2023,0,17.181618879323548
STUDENT_816 ECE,8.25,248,100 %,4,First Internship,2021,0,27.335089449539172
STUDENT_817 CSE AI-ML,7.52,329,96 %,3,Third & Above,2021,2,16.40484274402286
STUDENT_818 Electric,6.21,661,88 %,5,Third & Above,2022,0,25.48827266969829
STUDENT_819 BioTech,7.27,166,100 %,1,None,2021,1,11.538498365381116
STUDENT_820 BioTech,9.05,480,89 %,2,First Internship,2021,1,22.77779617249727
STUDENT_821 ECE,6.02,157,49 %,2,Second Internship,2023,1,12.505883996445196
STUDENT_822 Electric,7.27,358,73 %,3,Second Internship,2021,0,25.989159492033796
STUDENT_823 ECE,7.51,441,98 %,1,First Internship,2023,0,24.6177973840039
STUDENT_824 CSE AI-ML,8.04,229,50 %,0,Second Internship,2021,0,15.899439010467448
STUDENT_825 Electric,9.5,271,73 %,0,Third & Above,2021,0,19.465693524238006
STUDENT_826 Electric,7.32,713,63 %,4,First Internship,2023,0,27.217360729747103
STUDENT_827 Electric,7.32,308,56 %,4,Second Internship,2022,0,22.087924209211454
STUDENT_828 Electric,8.8,453,79 %,0,Third & Above,2023,0,22.564833151373428
STUDENT_829 ECE,7.72,570,64 %,2,Second Internship,2023,0,23.486753021828864
STUDENT_830 CSE AI-ML,6.85,215,86 %,5,First Internship,2023,1,20.911064681110517
STUDENT_831 BioTech,7.72,363,60 %,2,First Internship,2022,0,24.102187043293934
STUDENT_832 CSE AI-ML,6.54,761,87 %,4,Second Internship,2021,1,21.561556979328987
STUDENT_833 BioTech,6.67,541,90 %,3,Second Internship,2023,0,25.240422444954795
STUDENT_834 CSE AI-ML,7.89,647,97 %,0,First Internship,2023,1,17.792695171359647
STUDENT_835 CSE AI-ML,7.59,552,98 %,4,None,2022,0,30.99696569829755
STUDENT_836 ECE,9.48,576,57 %,4,First Internship,2023,0,33.96195193249878
STUDENT_837 CSE AI-ML,7.38,386,75 %,5,First Internship,2021,1,22.893839328227532
STUDENT_838 CSE Core,8.21,402,89 %,0,Third & Above,2022,0,18.51283311093992
STUDENT_839 BioTech,8.4,410,54 %,5,First Internship,2021,1,23.090268040650834
STUDENT_840 Mechanical,6.05,307,62 %,0,Second Internship,2021,0,16.91725700414906
STUDENT_841 Mechanical,8.52,717,87 %,5,First Internship,2022,0,31.649194466939004
STUDENT_842 Electric,6.68,545,93 %,2,None,2023,0,23.663733771503914
STUDENT_843 CSE Core,9.65,769,80 %,3,Second Internship,2021,0,35.898457938591285
STUDENT_844 CSE AI-ML,6.56,732,49 %,3,First Internship,2021,0,23.39923412256775
STUDENT_845 CSE AI-ML,7.58,154,96 %,0,First Internship,2021,0,14.239723512483824
STUDENT_846 Mechanical,6.32,111,95 %,1,First Internship,2021,0,15.635120469065251
STUDENT_847 BioTech,9.79,756,76 %,4,First Internship,2022,0,35.429519222904595
STUDENT_848 CSE Core,7.91,499,52 %,4,First Internship,2022,2,18.929079420428486
STUDENT_849 Electric,8.26,747,56 %,0,None,2021,2,18.05924947751849
STUDENT_850 ECE,6.25,614,61 %,5,Second Internship,2023,0,28.880087322341982
STUDENT_851 Mechanical,8.85,755,80 %,1,Third & Above,2021,0,23.484244323019254
STUDENT_852 CSE AI-ML,6.8,641,93 %,2,Third & Above,2023,0,23.480635922878196
STUDENT_853 CSE Core,9.41,336,90 %,5,Second Internship,2021,0,28.59979381280243
STUDENT_854 BioTech,6.78,378,84 %,5,Second Internship,2023,1,22.088313181942606
STUDENT_855 CSE AI-ML,6.72,447,76 %,0,None,2021,1,16.329568581167376
STUDENT_856 CSE Core,6.14,726,56 %,0,Third & Above,2023,0,19.98161701577618
STUDENT_857 ECE,7.79,203,80 %,4,None,2021,0,21.58955519577629
STUDENT_858 CSE Core,8.15,729,93 %,0,Third & Above,2021,0,22.587507723533044
STUDENT_859 CSE Core,6.25,616,53 %,0,None,2023,2,15.513185960648933
STUDENT_860 BioTech,8.95,347,100 %,0,Third & Above,2022,0,22.027865787848192
STUDENT_861 Electric,7.72,463,82 %,4,Second Internship,2023,0,27.750638255169697
STUDENT_862 Electric,7.99,420,52 %,2,First Internship,2022,0,23.680590620366086
STUDENT_863 CSE Core,7.67,732,72 %,2,Third & Above,2021,0,27.27823213648384
STUDENT_864 BioTech,7.52,385,82 %,0,First Internship,2023,0,18.097707820125358
STUDENT_865 Mechanical,8.13,248,40 %,4,First Internship,2023,1,20.204976706465132
STUDENT_866 Mechanical,6.59,183,80 %,2,Second Internship,2023,0,19.53739543169609
STUDENT_867 ECE,6.69,505,45 %,5,None,2022,0,28.184748020891114
STUDENT_868 BioTech,9.27,555,45 %,2,None,2022,0,25.261437378406715
STUDENT_869 Mechanical,9.6,260,85 %,2,Second Internship,2021,0,23.648110377152545
STUDENT_870 Mechanical,7.42,559,66 %,4,Second Internship,2022,0,26.103547143538187
STUDENT_871 Mechanical,7.03,649,68 %,5,Second Internship,2022,0,31.289649209965297
STUDENT_872 CSE AI-ML,8.45,599,44 %,4,Third & Above,2021,0,30.01627091033652
STUDENT_873 ECE,7.55,608,79 %,0,Second Internship,2023,0,18.531826340268225
STUDENT_874 Electric,6.1,753,57 %,3,Third & Above,2023,0,24.044034416821
STUDENT_875 ECE,6.59,580,98 %,2,Second Internship,2021,0,21.488242488499132
STUDENT_876 CSE AI-ML,8.72,762,76 %,3,Second Internship,2023,1,24.21346088799214
STUDENT_877 ECE,8.5,213,83 %,4,Third & Above,2022,0,24.920416166210543
STUDENT_878 CSE AI-ML,6.1,677,75 %,4,Second Internship,2021,0,24.389925120787254
STUDENT_879 CSE Core,6.84,460,93 %,4,None,2021,0,23.556734952765684
STUDENT_880 Mechanical,6.88,440,42 %,3,First Internship,2021,0,21.845237265236378
STUDENT_881 CSE AI-ML,8.55,548,63 %,4,Second Internship,2023,0,31.52278709669761
STUDENT_882 CSE AI-ML,6.07,279,69 %,0,None,2021,0,14.20259376779897
STUDENT_883 Mechanical,6.4,506,100 %,4,Third & Above,2021,0,23.959342112600527
STUDENT_884 BioTech,9.04,765,52 %,1,Second Internship,2021,0,27.11247057544654
STUDENT_885 ECE,6.68,295,54 %,3,None,2023,0,19.79996629926533
STUDENT_886 Mechanical,8.48,565,77 %,1,None,2022,1,21.269009464735394
STUDENT_887 BioTech,6.91,410,57 %,4,None,2021,2,18.05070119219553
STUDENT_888 Mechanical,6.38,361,44 %,0,Second Internship,2022,0,16.529513053798432
STUDENT_889 CSE Core,6.92,518,76 %,2,First Internship,2023,0,20.301533715807157
STUDENT_890 CSE AI-ML,8.74,505,73 %,5,First Internship,2023,1,26.61775098549472
STUDENT_891 CSE AI-ML,9.25,242,77 %,5,First Internship,2023,1,26.940643750699717
STUDENT_892 CSE Core,9.15,441,50 %,4,None,2023,0,28.35036673723992
STUDENT_893 CSE AI-ML,7.51,415,53 %,0,Second Internship,2022,0,19.493563825202518
STUDENT_894 CSE Core,8.54,200,68 %,3,None,2021,0,23.914074001452708
STUDENT_895 CSE AI-ML,6.78,343,96 %,1,Second Internship,2023,0,19.324790261467836
STUDENT_896 ECE,7.11,589,44 %,1,Second Internship,2023,0,22.72730183002762
STUDENT_897 CSE Core,9.41,111,58 %,1,Third & Above,2022,0,21.081698780501558
STUDENT_898 BioTech,6.05,338,77 %,3,First Internship,2022,0,18.157329393815807
STUDENT_899 BioTech,6.32,660,89 %,5,Second Internship,2023,0,24.30256934265025
STUDENT_900 CSE Core,6.79,141,94 %,0,Second Internship,2021,0,17.02537282547272
STUDENT_901 CSE Core,6.1,777,72 %,3,None,2021,0,26.01050089594213
STUDENT_902 ECE,6.69,693,61 %,1,Second Internship,2023,0,23.108729368675057
STUDENT_903 BioTech,8.22,528,95 %,4,Second Internship,2022,0,29.34240705572535
STUDENT_904 CSE AI-ML,7.6,257,42 %,2,First Internship,2023,0,20.446888032748223
STUDENT_905 Electric,9.39,315,81 %,3,Third & Above,2023,2,19.1802471644689
STUDENT_906 BioTech,9.11,769,98 %,3,None,2022,0,28.449185180403923
STUDENT_907 BioTech,7.3,561,73 %,0,None,2023,0,18.031300006829003
STUDENT_908 ECE,6.99,233,45 %,0,Second Internship,2023,0,18.734317377100666
STUDENT_909 Mechanical,7.44,166,99 %,3,Third & Above,2023,0,20.0537102884917
STUDENT_910 Mechanical,8.24,106,93 %,1,First Internship,2022,1,18.149718138421772
STUDENT_911 ECE,7.02,625,69 %,2,None,2021,0,22.916228339238696
STUDENT_912 CSE AI-ML,8.37,172,59 %,0,First Internship,2021,0,17.10751758351515
STUDENT_913 CSE Core,7.56,498,86 %,1,First Internship,2022,0,19.411270404899714
STUDENT_914 CSE Core,8.1,504,80 %,4,Second Internship,2021,0,26.063691286024497
STUDENT_915 ECE,7.66,774,89 %,0,None,2023,1,22.89647756581258
STUDENT_916 Electric,7.12,677,48 %,1,Third & Above,2021,1,17.341579840440374
STUDENT_917 CSE AI-ML,9.6,229,56 %,1,None,2023,0,27.223493642959298
STUDENT_918 ECE,8.9,565,100 %,2,Second Internship,2021,0,24.768785145060715
STUDENT_919 Mechanical,6.53,305,54 %,2,None,2022,1,17.60989994130249
STUDENT_920 CSE AI-ML,9.3,365,43 %,4,Second Internship,2021,1,24.959497411490023
STUDENT_921 BioTech,7.85,636,86 %,1,Third & Above,2021,0,22.91888083494763
STUDENT_922 CSE AI-ML,9.4,352,74 %,5,None,2021,0,27.277158445749727
STUDENT_923 CSE AI-ML,9.04,388,48 %,1,Second Internship,2022,0,23.263214034497523
STUDENT_924 ECE,7.62,263,66 %,2,First Internship,2021,1,15.553428007267993
STUDENT_925 Mechanical,6.09,194,41 %,5,Second Internship,2022,0,18.256845800465115
STUDENT_926 BioTech,7.02,209,60 %,0,First Internship,2023,0,16.369197356434896
STUDENT_927 ECE,8.06,435,69 %,0,None,2021,0,19.199153786328488
STUDENT_928 ECE,8.41,337,50 %,3,First Internship,2022,0,28.058697032249963
STUDENT_929 CSE Core,6.98,480,55 %,2,None,2022,0,23.760043430185647
STUDENT_930 BioTech,6.53,535,62 %,3,First Internship,2021,0,26.30486436267354
STUDENT_931 ECE,9.17,582,44 %,5,None,2023,0,30.298234190984203
STUDENT_932 ECE,9.74,124,57 %,2,Second Internship,2022,0,23.992275480262574
STUDENT_933 CSE AI-ML,8.0,752,67 %,4,Third & Above,2021,0,24.278658080637893
STUDENT_934 Mechanical,6.65,216,87 %,1,Second Internship,2023,0,16.396395238626553
STUDENT_935 Electric,7.03,581,96 %,4,First Internship,2022,0,26.06699669604936
STUDENT_936 CSE AI-ML,6.07,491,41 %,5,First Internship,2022,1,21.858096155403544
STUDENT_937 CSE AI-ML,9.47,636,61 %,2,First Internship,2023,0,28.215263178916654
STUDENT_938 Electric,6.45,178,56 %,5,First Internship,2023,0,22.313185143503336
STUDENT_939 Mechanical,8.19,679,70 %,1,None,2021,0,19.243514731673173
STUDENT_940 Mechanical,7.04,272,90 %,0,Third & Above,2021,0,17.31244367216396
STUDENT_941 CSE Core,8.11,111,96 %,0,None,2022,0,18.296879783860074
STUDENT_942 BioTech,8.48,227,46 %,5,Second Internship,2023,0,29.406050805257703
STUDENT_943 CSE AI-ML,9.15,707,57 %,3,Second Internship,2023,0,30.607476118553862
STUDENT_944 CSE AI-ML,6.78,191,90 %,2,None,2023,0,18.208525866573524
STUDENT_945 Mechanical,6.04,752,51 %,2,None,2022,0,24.809883844461943
STUDENT_946 Electric,6.52,642,50 %,0,Third & Above,2023,0,14.745331550801044
STUDENT_947 Mechanical,9.42,631,93 %,4,None,2023,0,30.12010293874571
STUDENT_948 Mechanical,9.32,757,64 %,1,First Internship,2022,0,26.17838003988258
STUDENT_949 BioTech,8.27,546,85 %,4,First Internship,2021,0,27.93095640033738
STUDENT_950 BioTech,8.28,489,94 %,4,Third & Above,2021,0,23.05261437554167
STUDENT_951 CSE AI-ML,8.53,771,74 %,5,Third & Above,2022,1,31.909271324487435
STUDENT_952 ECE,6.67,142,83 %,0,None,2023,1,11.260380200631507
STUDENT_953 Electric,9.47,353,68 %,0,Second Internship,2022,0,23.10759338231787
STUDENT_954 Electric,7.59,229,42 %,0,Second Internship,2021,0,17.916182450119788
STUDENT_955 CSE Core,7.46,159,97 %,5,Second Internship,2021,0,26.5349797897539
STUDENT_956 Electric,7.97,762,99 %,3,First Internship,2022,0,24.336099730251902
STUDENT_957 CSE AI-ML,6.18,566,75 %,4,None,2022,0,24.244642330939623
STUDENT_958 CSE Core,6.63,386,91 %,5,Second Internship,2021,1,23.91235652140972
STUDENT_959 Electric,8.8,616,63 %,2,Third & Above,2022,0,26.56402710655862
STUDENT_960 Mechanical,6.31,566,68 %,1,Third & Above,2021,1,14.877461213723397
STUDENT_961 ECE,8.29,444,84 %,3,First Internship,2022,0,24.31221976868843
STUDENT_962 Electric,6.93,741,47 %,2,Third & Above,2022,0,23.48411599638719
STUDENT_963 CSE Core,7.48,481,74 %,4,First Internship,2022,0,24.327899940954023
STUDENT_964 ECE,7.1,789,53 %,0,First Internship,2021,0,21.78437776586528
STUDENT_965 BioTech,7.35,352,49 %,4,Third & Above,2022,0,27.236494806370004
STUDENT_966 CSE AI-ML,8.73,155,46 %,5,Second Internship,2021,0,25.315270468925036
STUDENT_967 BioTech,7.13,562,80 %,1,First Internship,2021,0,20.404652051442
STUDENT_968 Mechanical,8.15,556,82 %,5,None,2022,2,24.279561168100624
STUDENT_969 Electric,7.81,182,56 %,3,Third & Above,2022,0,21.590359272072245
STUDENT_970 Mechanical,8.52,198,84 %,3,Second Internship,2021,2,14.861629733310235
STUDENT_971 ECE,9.56,248,98 %,1,None,2021,2,16.97762312444196
STUDENT_972 CSE Core,8.78,428,69 %,2,None,2023,0,24.64221713520615
STUDENT_973 CSE AI-ML,6.82,255,49 %,2,Third & Above,2021,0,21.141356690876307
STUDENT_974 Electric,6.12,289,40 %,3,First Internship,2023,0,17.68569520359468
STUDENT_975 Mechanical,7.0,593,69 %,3,Second Internship,2023,1,23.394638965510886
STUDENT_976 ECE,8.26,362,69 %,0,First Internship,2023,0,19.944338375800115
STUDENT_977 Mechanical,6.2,179,83 %,2,First Internship,2022,0,14.97411665817001
STUDENT_978 ECE,7.89,499,45 %,1,Second Internship,2022,0,19.652443375846143
STUDENT_979 Electric,8.27,708,57 %,2,First Internship,2021,0,30.488777055817057
STUDENT_980 BioTech,7.27,359,46 %,0,Second Internship,2023,0,17.810167954329117
STUDENT_981 Electric,8.93,714,53 %,5,None,2022,0,34.37300823346098
STUDENT_982 ECE,6.41,651,81 %,3,None,2022,0,20.41376121078374
STUDENT_983 CSE AI-ML,6.29,200,86 %,3,First Internship,2022,1,21.3553897759278
STUDENT_984 CSE Core,8.77,458,54 %,0,None,2022,0,23.906489256734254
STUDENT_985 CSE Core,7.88,479,48 %,1,Third & Above,2022,1,18.539119571689582
STUDENT_986 ECE,8.62,320,92 %,3,First Internship,2023,0,24.32766828428898
STUDENT_987 CSE AI-ML,7.65,519,84 %,4,First Internship,2023,1,24.959196256605992
STUDENT_988 CSE Core,6.94,223,70 %,3,Third & Above,2023,0,21.964363373450094
STUDENT_989 Electric,9.11,521,80 %,4,Third & Above,2023,0,29.795058560794878
STUDENT_990 BioTech,9.04,330,76 %,0,Second Internship,2021,0,21.40175751640446
STUDENT_991 Electric,8.64,789,70 %,0,None,2023,1,23.292134168051835
STUDENT_992 BioTech,7.03,162,49 %,3,Third & Above,2022,0,16.696592893839647
STUDENT_993 CSE AI-ML,8.24,584,89 %,2,First Internship,2023,1,21.577450574771493
STUDENT_994 Electric,7.37,727,69 %,4,Second Internship,2021,2,18.716272283414305
STUDENT_995 CSE AI-ML,6.35,673,59 %,1,None,2022,0,22.13918468940501
STUDENT_996 Electric,9.49,582,50 %,3,None,2023,0,27.948372057933362
STUDENT_997 Electric,6.52,618,42 %,1,Second Internship,2023,0,17.576843842641644
STUDENT_998 BioTech,9.61,254,89 %,3,Second Internship,2023,0,24.67242695196206
STUDENT_999 BioTech,7.69,191,65 %,2,First Internship,2022,1,17.58871240293157
